"","lake_name","lake_code","d2_aquaculture","area_sqm","perimeter","longitude","latitude","max_depth_est","lake_name","anc_forest","basal_area","cov_patt","crwn_clsre","d2_ancient","d2_lake","d2_ogdc","d2_paved","DEM_vi","harvest_yr","proj_ht","rd_dnse_loose","rd_dnse_ogdc","rd_dnse_paved","rd_ogdc_loose","sa_prj_age","sa_proj_ht","soil_moist","soil_nuts","sp2_cvr","spp1_pc","spp2_pc","spp3_cvr","vert_comp","vi_evi_june23","vi_ndv_june23","mean_AHM","mean_bFFP","mean_CMD_at","mean_CMD_sm","mean_CMD_sp","mean_CMD_wt","mean_CMD","mean_CMD01","mean_CMD02","mean_CMD03","mean_CMD04","mean_CMD05","mean_CMD06","mean_CMD07","mean_CMD08","mean_CMD09","mean_CMD10","mean_CMD11","mean_CMD12","mean_CMI_at","mean_CMI_sm","mean_CMI_sp","mean_CMI_wt","mean_CMI","mean_CMI01","mean_CMI02","mean_CMI03","mean_CMI04","mean_CMI05","mean_CMI06","mean_CMI07","mean_CMI08","mean_CMI09","mean_CMI10","mean_CMI11","mean_CMI12","mean_DD_0_01","mean_DD_0_02","mean_DD_0_03","mean_DD_0_04","mean_DD_0_05","mean_DD_0_06","mean_DD_0_07","mean_DD_0_08","mean_DD_0_09","mean_DD_0_10","mean_DD_0_11","mean_DD_0_12","mean_DD_0_at","mean_DD_0_sm","mean_DD_0_sp","mean_DD_0_wt","mean_DD_0","mean_DD_18_01","mean_DD_18_02","mean_DD_18_03","mean_DD_18_04","mean_DD_18_05","mean_DD_18_06","mean_DD_18_07","mean_DD_18_08","mean_DD_18_09","mean_DD_18_10","mean_DD_18_11","mean_DD_18_12","mean_DD_18_at","mean_DD_18_sm","mean_DD_18_sp","mean_DD_18_wt","mean_DD_18","mean_DD1040","mean_DD18_01","mean_DD18_02","mean_DD18_03","mean_DD18_04","mean_DD18_05","mean_DD18_06","mean_DD18_07","mean_DD18_08","mean_DD18_09","mean_DD18_10","mean_DD18_11","mean_DD18_12","mean_DD18_at","mean_DD18_sm","mean_DD18_sp","mean_DD18_wt","mean_DD18","mean_DD5_01","mean_DD5_02","mean_DD5_03","mean_DD5_04","mean_DD5_05","mean_DD5_06","mean_DD5_07","mean_DD5_08","mean_DD5_09","mean_DD5_10","mean_DD5_11","mean_DD5_12","mean_DD5_at","mean_DD5_sm","mean_DD5_sp","mean_DD5_wt","mean_DD5","mean_eFFP","mean_EMT","mean_Eref_at","mean_Eref_sm","mean_Eref_sp","mean_Eref_wt","mean_Eref","mean_Eref01","mean_Eref02","mean_Eref03","mean_Eref04","mean_Eref05","mean_Eref06","mean_Eref07","mean_Eref08","mean_Eref09","mean_Eref10","mean_Eref11","mean_Eref12","mean_EXT","mean_FFP","mean_MAP","mean_MAT","mean_MCMT","mean_MSP","mean_MWMT","mean_NFFD_at","mean_NFFD_sm","mean_NFFD_sp","mean_NFFD_wt","mean_NFFD","mean_NFFD01","mean_NFFD02","mean_NFFD03","mean_NFFD04","mean_NFFD05","mean_NFFD06","mean_NFFD07","mean_NFFD08","mean_NFFD09","mean_NFFD10","mean_NFFD11","mean_NFFD12","mean_PAS_at","mean_PAS_sm","mean_PAS_sp","mean_PAS_wt","mean_PAS","mean_PAS01","mean_PAS02","mean_PAS03","mean_PAS04","mean_PAS05","mean_PAS06","mean_PAS07","mean_PAS08","mean_PAS09","mean_PAS10","mean_PAS11","mean_PAS12","mean_PPT_at","mean_PPT_sm","mean_PPT_sp","mean_PPT_wt","mean_PPT01","mean_PPT02","mean_PPT03","mean_PPT04","mean_PPT05","mean_PPT06","mean_PPT07","mean_PPT08","mean_PPT09","mean_PPT10","mean_PPT11","mean_PPT12","mean_RH_at","mean_RH_sm","mean_RH_sp","mean_RH_wt","mean_RH","mean_RH01","mean_RH02","mean_RH03","mean_RH04","mean_RH05","mean_RH06","mean_RH07","mean_RH08","mean_RH09","mean_RH10","mean_RH11","mean_RH12","mean_SHM","mean_Tave_at","mean_Tave_sm","mean_Tave_sp","mean_Tave_wt","mean_Tave01","mean_Tave02","mean_Tave03","mean_Tave04","mean_Tave05","mean_Tave06","mean_Tave07","mean_Tave08","mean_Tave09","mean_Tave10","mean_Tave11","mean_Tave12","mean_TD","mean_Tmax_at","mean_Tmax_sm","mean_Tmax_sp","mean_Tmax_wt","mean_Tmax01","mean_Tmax02","mean_Tmax03","mean_Tmax04","mean_Tmax05","mean_Tmax06","mean_Tmax07","mean_Tmax08","mean_Tmax09","mean_Tmax10","mean_Tmax11","mean_Tmax12","mean_Tmin_at","mean_Tmin_sm","mean_Tmin_sp","mean_Tmin_wt","mean_Tmin01","mean_Tmin02","mean_Tmin03","mean_Tmin04","mean_Tmin05","mean_Tmin06","mean_Tmin07","mean_Tmin08","mean_Tmin09","mean_Tmin10","mean_Tmin11","mean_Tmin12"
"33","Amor Lake","AMO",9711.43890907327,3149755,22010,-125.5540009,50.1660995,43.0947,"Amor Lake","0","56.9524506504547","2.49665088056688","58.2809049760995","5.43730337540462","258.928873067196","4486.69924065827","1056.90638900877","253.594807403257","678.092663725299","25.5102696281639","0.00156418717259167","0","0.000201157694542502","0","63.5044415244289","25.5102696281639","3.35746415901495","1.87770908715652","15.1621990790292","60.3878278173346","15.1621990790292","2.81662330300902","2.61862083041808","0.437575066899059","0.767900913274822",10.7756756189707,100.702702702703,0,144.135135135135,19.0540540540541,0,163.189189189189,0,0,0,0,19.0540540540541,30.5405405405405,73.5945945945946,40,0,0,0,0,46.5772972106934,-6.58486486125637,21.0305406209585,62.8578378832018,123.882161527067,22.4329730884449,15.5821621611312,12.9694594563665,6.87702703475952,1.18432433379663,0.343513513084602,-4.29486487362836,-2.63270269857871,3.10351350500777,17.9062161832242,25.5672973426613,24.8421621580382,45.4054054054054,34.1081081081081,20.4054054054054,4.24324324324324,0,0,0,0,0,3,18.4324324324324,46,21.3513513513514,0,24.972972972973,125.594594594595,171.918918918919,507.108108108108,432.432432432432,426.108108108108,315.108108108108,209.513513513514,131.891891891892,63.8378378378378,68.1891891891892,152.216216216216,306.081081081081,421.108108108108,510.513513513513,879.351351351351,263.918918918919,950.783783783784,1450.05405405405,3544.02702702703,750.216216216216,0,0,0,0,2.37837837837838,7.86486486486486,18.3513513513514,21.2702702702703,9.78378378378378,0,1,0,11.0810810810811,47.4054054054054,2.37837837837838,0,60.8918918918919,13.3783783783784,12.5675675675676,29.7027027027027,87.2432432432432,202.351351351351,264.459459459459,357.864864864865,357.675675675676,248.72972972973,117.702702702703,30.9189189189189,11.5405405405405,397.162162162162,979.918918918919,319.378378378378,37.4864864864865,1734,303.756756756757,-17.0027028161126,92.7297297297297,311.54054054054,175.513513513514,27.6756756756757,607.324324324324,7.7027027027027,14.1351351351351,30.945945945946,55.9189189189189,88.6216216216216,100.513513513514,114.486486486486,96.5135135135135,57,25.6756756756757,10,6.02702702702703,34.2513515369312,202.972972972973,1709.21621621622,8.413513531556,1.42702702251641,327.918918918919,16.5324326592523,77.2162162162162,91.7567567567568,71.5945945945946,44.3243243243243,284.45945945946,15.5945945945946,13.7027027027027,18.5945945945946,23.7567567567568,28.972972972973,30,31,31,29,27.8108108108108,20.3783783783784,15.0810810810811,30.3783783783784,1,16.8378378378378,88,135.783783783784,30.6486486486486,21.5945945945946,12.2972972972973,3.67567567567568,1,0,0,0,1.59459459459459,2.35135135135135,26.2432432432432,35.6756756756757,568.54054054054,167.081081081081,319.621621621622,653.891891891892,231.972972972973,166.351351351351,147.243243243243,102.837837837838,69.5135135135135,70.027027027027,40.5945945945946,56.2972972972973,91.3513513513514,209,268.297297297297,255.405405405405,79.8648648648649,67,72.972972972973,87.5675675675676,76.945945945946,88.972972972973,83.6486486486486,78.2432432432432,72.1081081081081,68.054054054054,68.7837837837838,66,66.6756756756757,71.3243243243243,80.7027027027027,87.3243243243243,89.972972972973,50.4135133897936,8.45675684954669,15.6189189601589,7.75945949554443,1.85675672904865,1.71891892600704,2.4081081184181,4.31621627549867,7.52162158811415,11.3972973179173,13.8324323860375,16.5189191457388,16.5189190941888,13.2540540437441,8.14864870019861,3.9756756473232,1.42702702251641,15.0918920362318,11.5243243397893,20.954054084984,11.8459459511009,3.60540539509541,3.25945946332571,4.72702699094205,7.46486485970987,11.6945945121147,16.3756756395907,18.818918846749,22.0702704867801,21.9648649370348,17.764864741145,11.0189189653139,5.77837837064588,2.83243243114368,5.39189194344185,10.2891891067092,3.6621621814934,0.105405408788372,0.181081084987602,0.0945945978164673,1.18108108800811,3.35675675804551,6.43513513255764,8.84594584800102,10.9648649628098,11.0648649834298,8.74864866926863,5.28378387399622,2.17837838224463,0.0378378396098678
"15","Anutz Lake","ANU",24137.0466996508,933028,5194,-126.9229965,50.3013,30.5449,"Anutz Lake","0","56.5664064148345","0","44.4591295566677","8.121497019924","444.345854601971","28483.7228008477","2977.43263613929","60.2868850975827","647.190500289966","24.97270208256","0.00263496342487558","0","0","0","79.6653643000273","24.97270208256","3","0","22.1414638195578","45.8382175294624","22.1414638195578","4.5688382231867","0","0.48015672552999","0.757648486488875",8.67499995231628,79.6875,0,105.9375,0.3125,0,106.25,0,0,0,0,0.3125,28.0625,57.5625,20.3125,0,0,0,0,65.4606256484985,-2.33812500536442,37.4968748092651,76.805624961853,177.426873207092,26.9975001811981,21.4931250810623,20.9862500429153,13.166249871254,3.34562499821186,0.613750002346933,-2.49624998867512,-0.454374996945262,7.01250001788139,21.0500000715256,37.4000005722046,28.3137500286102,23.5,19.0625,13.6875,3.125,0,0,0,0,0,1.5625,8.75,24.5,10.6875,0,17.0625,67.0625,94.75,428.0625,368.125,382.1875,291.75,204.6875,139.5,75.5625,68.5,135.8125,259.5,356.25,433.6875,751.375,283.6875,878.6875,1229.75,3143.5625,774.3125,0,0,0,0.4375,2.875,6.5625,14.125,21.125,12.4375,0,0,0,12.4375,42.0625,3.625,0,57.875,36.3125,33,48.0625,103.875,207.5,254.1875,341.9375,357.25,267.625,156.0625,61.3125,31.625,485.0625,953.375,359.4375,100.8125,1898.6875,319.125,-12.6874999403954,96.25,291.5625,173.0625,34.4375,595.1875,9.875,16.875,32.125,56.0625,84.8125,92.375,105.625,93.6875,56.5,27.8125,11.9375,7.9375,34.831250667572,239.4375,2252.25,9.5249999165535,3.92499995231628,401.875,16.4937500953674,83,91.9375,78.3125,60.9375,313.75,21.25,19.25,23,25.75,29.875,30,31,31,29.125,29,24.375,20.5625,20.1875,1,13.0625,40.0625,74.3125,14.8125,10.5625,8.25,3.6875,1,0,0,0,2,1.0625,17.0625,14.8125,769.875,185.375,485.6875,811.3125,283.8125,231.625,231.0625,167.5625,87,64.1875,48.0625,73.25,129.4375,247.125,393.25,295.8125,79,70.125,74.875,84.875,77,85.625,82,79,73.9375,70.875,72.75,69.75,68.3125,72.875,80.0625,84.9375,86.375,41.0875000953674,9.88750010728836,15.3312500119209,8.56250005960464,4.31249995529652,4.29374997317791,4.69999998807907,5.73749998211861,8.30625006556511,11.5875000953674,13.4875000119209,15.9937502741814,16.4937500953674,13.875,9.63750010728836,6.15000000596046,3.92499995231628,12.5875000953674,13.0687500238419,20.1187499761581,12.3875000476837,6.52500006556511,6.35625001788139,7.35624998807907,8.7562500834465,12.2687500119209,16.1062496900558,17.7875000238419,20.8937500715256,21.6625000238419,18.1812498569489,12.6625000238419,8.36250013113022,5.84999996423721,6.71875002980232,10.5374999046326,4.71874997019768,2.08749996870756,2.23750003427267,2.06874996423721,2.71875,4.34374995529652,7.08125001192093,9.18124997615814,11.1125001311302,11.3437499403954,9.58750003576279,6.63750004768372,3.91249996423721,2
"10","Beaver Lake","BEA",11418.1705693757,172250,1827,-127.3150024,50.6007004,10.2663,"Beaver Lake","0","40.1932401419038","1.23124848920877","42.3423948320619","6.19743237116962","485.794244775381","11238.6292265664","475.082380113116","95.1526070811678","492.570298803302","15.4904453478387","0.00255399996588585","0","0.001014856651161","0","75.4586462115861","15.4904453478387","3.28220278696235","2","16.7759569814777","62.5899123219956","16.7759569814777","2.45324564884408","3.16121409459824","0.509118325172773","0.804818420749807",9.76249992847443,81.125,0,66.75,1.75,0,68.5,0,0,0,0,1.75,16.125,43.375,7.25,0,0,0,0,58.5612497329712,1.53250001370907,28.40625,63.8587498664856,152.359998703003,23.1087498664856,16.8050003051758,16.09375,9.54124999046326,2.77374997735023,1.6637500077486,-1.15500000119209,1.02249997854233,6.88749998807907,21.5499999523163,30.1212496757507,23.9449999332428,24.25,19,14.125,4,0,0,0,0,0,2,9,23.5,11,0,18.5,67.125,96.625,431.625,369.5,388,307.375,227.75,157.375,106.5,97.875,158,269.625,358.25,429.5,786,362.375,923.375,1230.5,3301.875,632.25,0,0,0,0,1.625,4,7.75,11.75,9,0,0,0,9,23.625,1.625,0,34.125,33.125,30.875,42.75,91.375,180.25,228.75,300.5,317,241.875,147.5,58.625,31.75,447.75,846.25,314.75,95.75,1704.5,317.5,-13.375,88.875,255.625,159.375,34.125,538,10,16.875,32,52,75.125,83.75,91.75,80.25,50.375,26,12,8,32.7249999046326,236.5,1944.75,8.98749995231628,4.06249994039536,382.5,15.1874998807907,82.5,92,77,60.25,311.25,20.5,19,22.125,25.5,29.375,30,31,31,29,29,24,20.875,17.875,1,12.5,33.5,65.5,13,8.5,7.125,4,1,0,0,1,2,1.5,14.25,11.875,690.625,188.75,382.625,682.625,245.125,184.875,182,127.25,73.5,67.5,48.25,73,120.25,250.125,320.5,252.75,80.875,75,76.5,84,79,84.875,81.625,78.625,76,75,76,75,74,76.625,81,84.5,85.875,39.7249999046326,9.47499990463257,14.1874998807907,7.98750007152557,4.30000013113022,4.17499983310699,4.64999985694885,5.54999995231628,7.7875000834465,10.6250001192093,12.6250001192093,14.7750000953674,15.1874998807907,13.0250000953674,9.32499992847443,6.06249994039536,4.06249994039536,11.1375000476837,12.3999996185303,18.1625006198883,11.5,6.59999990463257,6.36250013113022,7.30000019073486,8.69999980926514,11.3874996900558,14.4624998569489,16.3749995231628,18.7624998092651,19.3499994277954,16.675000667572,12.2124999761581,8.31250011920929,6.0874999165535,6.53749996423721,10.2250000238419,4.46250003576279,2.02499996125698,1.99999998509884,2.02499996125698,2.45000001788139,4.16249990463257,6.81250005960464,8.84999990463257,10.8000000715256,11.0500001907349,9.362499833107,6.43750005960464,3.82500001788139,2.02499996125698
"5","Bewlay Lake","BEW",8013.05401301324,110131,1603,-124.9059982,48.8950005,16.5675,"Bewlay Lake","0","64.3506592611256","2.88519703838582","57.8408830717159","1.62191060946392","508.150939132345","906.548618190878","3895.42888160101","111.095542657191","515.083895020972","35.3231547237999","0.00130404192028636","0.000132501241016127","0","0.000132501241016127","64.1318790033029","35.3231547237999","3.41915881487192","2.22358787551642","19.6016102838294","60.4527280925738","19.6016102838294","5.60569502958721","1.62518815554441","0.478062128561936","0.80792525755386",6.23333337571886,91.1111111111111,0,57.6666666666667,0,0,57.6666666666667,0,0,0,0,0,0,47.8888888888889,9.77777777777778,0,0,0,0,85.8022215101454,4.83000002966987,55.5188886854384,117.720001220703,263.873335096571,47.9088889227973,31.0466664632161,28.9644444783529,18.9200000762939,7.6355553732978,5.48777776294284,-1.44111108779907,0.783333341280619,7.93111112382677,30.5644448598226,47.3066660563151,38.765555911594,26.3333333333333,20.4444444444444,12.4444444444444,3.11111111111111,0,0,0,0,0,1,9.22222222222222,26.5555555555556,10.4444444444444,0,15.6666666666667,73.2222222222222,99.2222222222222,440.888888888889,376.333333333333,372.666666666667,291.888888888889,203.333333333333,129.777777777778,66.7777777777778,68.1111111111111,120,242.333333333333,357.888888888889,442.444444444444,720.111111111111,265.111111111111,867.888888888889,1259.44444444444,3112.44444444444,822.888888888889,0,0,0,0,2.22222222222222,8,17.2222222222222,21.2222222222222,15.6666666666667,0,0,0,15.6666666666667,46.3333333333333,2.22222222222222,0,64.3333333333333,31.4444444444444,30,54.6666666666667,104.888888888889,209,267.111111111111,353.555555555556,357.444444444444,286.555555555556,170.888888888889,61.1111111111111,28.4444444444444,518.222222222222,978.333333333333,368.444444444444,90,1955,314.444444444444,-14.3777776294284,111.555555555556,298.333333333333,187.444444444444,40.8888888888889,638.444444444444,11.7777777777778,19.8888888888889,38.7777777777778,61.1111111111111,87.6666666666667,96.4444444444444,108.888888888889,93,63.8888888888889,33.6666666666667,14.1111111111111,9.77777777777778,34.0444446139865,223.333333333333,3148.44444444444,9.63333331214057,3.63333333863152,538.444444444444,16.5222223069933,81.7777777777778,92,75.5555555555556,54.3333333333333,303.444444444444,19,16.6666666666667,21.4444444444444,24.7777777777778,29.8888888888889,30,31,31,29.1111111111111,28.8888888888889,23.6666666666667,18.5555555555556,24.7777777777778,1,16,69.7777777777778,111.666666666667,30.1111111111111,17.1111111111111,9.33333333333333,5.33333333333333,1.11111111111111,0,0,0,2,1.11111111111111,21.8888888888889,22.7777777777778,990.444444444444,260.333333333333,675.333333333333,1222.55555555556,493,328.555555555556,315.666666666667,228.222222222222,131.222222222222,116.222222222222,61.1111111111111,82.8888888888889,146.666666666667,349.888888888889,493.888888888889,401,75.8888888888889,70.5555555555556,71.3333333333333,81.2222222222222,74.7777777777778,83.2222222222222,77.2222222222222,73.2222222222222,70.5555555555556,70.2222222222222,71.5555555555556,69.6666666666667,69.8888888888889,69.3333333333333,75.1111111111111,82.1111111111111,83.4444444444444,30.6888889736599,10.2555554707845,15.6111113230387,8.6777778201633,3.98888887299432,3.86666668785943,4.4111111164093,6.05555550257365,8.29999992582533,11.6333333121406,13.9222221374512,16.3777775234646,16.5222223069933,14.5111111534966,10.2000000211928,6.08888880411784,3.63333333863152,12.8666665818956,14.0333334604899,20.3333333333333,13.0000001059638,6.6777777671814,6.26666667726305,7.71111122767131,9.96666685740153,12.7999998728434,16.2888889312744,18.3888886769613,21.3111110263401,21.3777779473199,19.3888884650336,13.9777779049344,8.71111128065321,6.01111110051473,6.52222214804755,10.8333331214057,4.31111118528578,1.29999999205271,1.46666667196486,1.12222224473953,2.11111112435659,3.82222225930956,7.01111104753282,9.44444455040826,11.4333333969116,11.6444443596734,9.62222226460775,6.42222224341498,3.48888884650336,1.28888887829251
"3","Black Lake","BLA",3889.18431588941,646703,4718,-125.0970001,48.7737999,39.4596,"Black Lake","1","33.9637129165612","2.39052812661127","36.4364848433739","0.695568579785454","492.786911706817","1084.45833416565","3270.93238673133","160.206693992598","876.617114865123","18.1677490027681","0.00283935775701327","0.000225160962415906","0","0.000225160962415906","111.985130021695","18.1677490027681","3.69453103266195","2.36079601844755","13.0521765634465","67.2961343817258","13.0521765634465","2.66238359849444","3.65680924968297","0.448366538860146","0.752537548454928",6.21333335240682,89.2666666666667,0,38.9333333333333,0,0,38.9333333333333,0,0,0,0,0,0,38.3333333333333,0.6,0,0,0,0,80.7913340250651,7.55333334604899,60.361333211263,114.451333109538,263.158001708984,44.5853335062663,29.8406664530436,31.5786670684814,20.5840000152588,8.19799982706706,6.1460000038147,-0.564666660626729,1.97466665108999,8.43866640726725,27.9833332061768,44.3720001220703,40.0226666768392,24.5333333333333,19.9333333333333,12.9333333333333,3.93333333333333,0,0,0,0,0,1.2,9.2,24.6,10.7333333333333,0,17.2,69.0666666666667,97.1333333333333,432.733333333333,373.2,378.133333333333,308.2,223.933333333333,152.333333333333,102.733333333333,96.3333333333333,140.733333333333,254.4,358.466666666667,433.8,753.533333333333,351.466666666667,910.333333333333,1239.86666666667,3255.4,666.466666666667,0,0,0,0,0.0666666666666667,5,8.13333333333333,11.9333333333333,11.6,0,0,0,11.6,25.0666666666667,0.0666666666666667,0,36.7333333333333,32.9333333333333,29.9333333333333,49.9333333333333,92.0666666666667,185.2,235.733333333333,305.066666666667,319.066666666667,262.066666666667,160.4,59.5333333333333,30.3333333333333,482.266666666667,860.066666666667,327.266666666667,93,1762.33333333333,313.933333333333,-14.0133332570394,105.933333333333,259.733333333333,173.733333333333,41.5333333333333,580.6,11.8666666666667,19.7333333333333,37.6666666666667,56.9333333333333,79.0666666666667,85.9333333333333,92.3333333333333,81.2666666666667,58.7333333333333,32.4,14.8,9.86666666666667,32.5266667683919,224.933333333333,3081.13333333333,9.13333339691162,3.91999994913737,523,15.2599999745687,81.4,92,75.4666666666667,56.1333333333333,304.4,19.5333333333333,17.2666666666667,21.4666666666667,24.6666666666667,29.4666666666667,30,31,31,29,28.8666666666667,23.2,19.3333333333333,24.4666666666667,1.86666666666667,21.0666666666667,62.2666666666667,109.533333333333,25.5333333333333,15.8666666666667,11.4666666666667,7.66666666666667,2,1,0,1,2,1.2,20.8,20.9333333333333,930.4,249.333333333333,709.933333333333,1191.46666666667,460.733333333333,316.333333333333,340.2,239.866666666667,129.8,113.666666666667,53.8666666666667,81.6,144,321.533333333333,464.933333333333,414.4,76.8,75.4,73.9333333333333,81.2666666666667,76.8,82.9333333333333,78.2666666666667,74.8666666666667,73.1333333333333,73.8666666666667,75.7333333333333,75.6,74.8,72.5333333333333,76.2,81.7333333333333,83.0666666666667,29.1999998728434,9.86000003814697,14.3533332188924,8.14666678110759,4.1866666952769,4.14000002543132,4.5133333047231,5.8733333269755,7.76000000635783,10.7999999364217,12.8799997965495,14.9333332061768,15.2599999745687,13.693333307902,9.81999988555908,6.06666663487752,3.91999994913737,11.3399998346965,13.393333307902,18.240000406901,12.0533335367839,6.87333329518636,6.60000003178914,7.64000005722046,9.56666673024495,11.7933333714803,14.8133333206177,16.6600001017253,18.8066668192546,19.2466669718424,18.0333334604899,13.4133332570394,8.75999997456868,6.35333331425985,6.32000001271566,10.4666666030884,4.21333332061768,1.51333334445953,1.67999997933706,1.37999998728434,2.17333331108093,3.72000001271566,6.78666661580404,9.0933333714803,11.060000038147,11.2733332316081,9.35333340962728,6.2266666730245,3.38000000317891,1.47333334287008
"32","Blackwater Lake","BLW",12116.3329260941,373901,6432,-125.5899963,50.1717987,22.8653,"Blackwater Lake","0","58.3595245425035","2.6864045109423","54.2372044985625","6.99021562308534","329.448639782292","1922.8275225857","1056.82778292909","232.607809026092","865.771519564506","25.3170843071537","0.00118074824377283","3.41103890149989e-07","0.00013211771678833","3.41103890149989e-07","63.5667879012193","25.3170843071537","3.00025721231274","2.03681427485816","11.0957636116864","78.1883046033884","11.0957636116864","2.61290057048555","2.84152865668897","0.479741256435431","0.779060752691526",10.65294119891,99.9411764705882,0,142.588235294118,18.8823529411765,0,161.470588235294,0,0,0,0,18.8823529411765,29.8823529411765,73.5294117647059,39.1764705882353,0,0,0,0,47.4076466279871,-6.37294112934786,21.3117647732005,63.7752941355986,126.123528424431,22.6647058374741,15.8188235338996,13.169999964097,6.91999999214621,1.22058823178796,0.41823529057643,-4.26000003253712,-2.53117646890528,3.18764704816482,18.1741175932043,26.0452941445743,25.2923527885886,44.8823529411765,33.2941176470588,19.8235294117647,4.11764705882353,0,0,0,0,0,3,18.2352941176471,45.3529411764706,21.0588235294118,0,24.1764705882353,123.588235294118,168.764705882353,505.470588235294,430.117647058824,423.294117647059,312.352941176471,207.882352941176,130.764705882353,63.4117647058824,68.2352941176471,150.705882352941,303.941176470588,419.588235294118,508.647058823529,874.117647058824,262.352941176471,943.705882352941,1444.35294117647,3524.35294117647,755.823529411765,0,0,0,0,2.47058823529412,7.94117647058824,18.4117647058824,21.4117647058824,10.0588235294118,0,1,0,11.2941176470588,47.7058823529412,2.47058823529412,0,61.6470588235294,13.7647058823529,13.1764705882353,30.8823529411765,89.1176470588235,204.176470588235,266.058823529412,358.176470588235,357.705882352941,250.588235294118,119.352941176471,31.4117647058824,12,401.352941176471,982,324.058823529412,38.6470588235294,1746.29411764706,304.235294117647,-16.8235294117647,93.2352941176471,311.882352941176,176.411764705882,27.8235294117647,609.176470588235,7.58823529411765,14.0588235294118,31.2941176470588,56.0588235294118,89,100.882352941176,114.588235294118,96.2352941176471,57.3529411764706,25.8823529411765,10,6,34.2235298156738,204.235294117647,1733.76470588235,8.48823530533734,1.48823529832503,332,16.541176739861,77.4117647058823,91.8823529411765,71.8235294117647,44.9411764705882,285.588235294118,15.7058823529412,14,18.6470588235294,24,29,30,31,31,29,27.9411764705882,20.4705882352941,15.2941176470588,30.1176470588235,1,16.2352941176471,87.1764705882353,134.235294117647,30.5294117647059,21.1764705882353,11.8235294117647,3.52941176470588,1,0,0,0,1.58823529411765,2.29411764705882,26.2352941176471,35.5294117647059,577.764705882353,169.176470588235,323.529411764706,663.352941176471,234.411764705882,168.882352941176,149.588235294118,103.647058823529,70.1764705882353,71.0588235294118,41.1764705882353,57.0588235294118,92.5294117647059,211.941176470588,273.176470588235,260.058823529412,79.7647058823529,67,72.9411764705882,87.7058823529412,76.9411764705882,89.1176470588235,83.8235294117647,78.0588235294118,72,68,68.8235294117647,66,66.7647058823529,71,80.7647058823529,87.1176470588235,90,49.847058913287,8.5235294454238,15.6470589357264,7.83529421862434,1.91176469185773,1.77647058402791,2.4882352772881,4.39411766388837,7.61176465539371,11.4588235406315,13.8764705657959,16.5352943644804,16.5176472383387,13.3117646049051,8.2235294229844,4.02352938932531,1.48823529832503,15.0411765715655,11.6117647395414,20.9705882352941,11.9470589020673,3.65882353221669,3.28235293837155,4.80588234172148,7.59999996073106,11.7941175348618,16.4705882352941,18.8764703414019,22.1058826446533,21.9647058599135,17.8529409520766,11.1235293781056,5.85882349575267,2.88823530253242,5.43529415130615,10.3176469241872,3.70588233891655,0.176470593056258,0.270588238887927,0.182352945646819,1.2117647002725,3.44117649863748,6.47647058262545,8.89411763583912,10.9588235406315,11.0647060169893,8.7764705770156,5.34117653790642,2.19999999158523,0.0823529441567028
"47","Boot Lake","BOO",12942.5835165089,1297292,6599,-125.5309982,50.0539017,40.3933,"Boot Lake","0","52.7197048828964","2.74113884755957","60.5403936089411","4.55241179997114","304.080662533801","14460.7738937768","3056.08878696692","271.689780989637","1171.92330583599","25.1016018166558","0.00220366886753995","0","0","0","57.4337980336529","25.1016018166558","3.52881188483612","1.9902895302193","11.5816787647382","67.4036317663809","11.5816787647382","2.8907466342358","2.93619320546038","0.452148477211659","0.770559238128478",11.8904761359805,104.619047619048,0,170.285714285714,28.1428571428571,0,198.428571428571,0,0,0,0,28.1428571428571,41.6190476190476,80.3809523809524,48.2857142857143,0,0,0,0,40.8899999346052,-9.25857144310361,17.5171427953811,57.0933336530413,106.243332999093,20.5699999673026,14.0328571682885,11.7961905343192,5.4214285895938,0.300952379547414,-0.760952371926535,-4.99714283716111,-3.49904761995588,2.04238094602312,15.6876189822242,23.1585713341123,22.492380959647,46.6666666666667,34.8571428571429,21.3809523809524,4.38095238095238,0,0,0,0,0,3,18.8095238095238,47.1904761904762,21.7619047619048,0,26.0952380952381,128.761904761905,176.619047619048,510.761904761905,434.666666666667,431.47619047619,317.52380952381,209.428571428571,130.714285714286,60.952380952381,66.3809523809524,149.666666666667,304,423.285714285714,513.761904761905,877.095238095238,258.047619047619,958.333333333333,1459.38095238095,3553,759.380952380952,0,0,0,0,2.28571428571429,8.04761904761905,19.4761904761905,22.1428571428571,10.1428571428571,0,1,0,11.2857142857143,49.4761904761905,2.28571428571429,0,63.2380952380952,12.7142857142857,12.047619047619,27.8095238095238,85.5238095238095,202.666666666667,265.952380952381,361.666666666667,360.428571428571,251.619047619048,119.190476190476,30.1904761904762,10.9047619047619,401.047619047619,987.952380952381,315.952380952381,35.7142857142857,1740.71428571429,301.809523809524,-17.3999999818348,96.1428571428571,318.714285714286,178.666666666667,28.5238095238095,622,8,14.6666666666667,31.0952380952381,57.2380952380952,90.3809523809524,102.714285714286,117.095238095238,98.8571428571429,58.952380952381,26.952380952381,10,6,34.5,197.285714285714,1547.09523809524,8.40476181393578,1.3238095272155,294,16.6476193382627,76.6190476190476,91.4285714285714,69.952380952381,42.7619047619048,280.809523809524,14.952380952381,13.2380952380952,17.8095238095238,23.1428571428571,29,30,31,31,29,27.047619047619,20.1428571428571,14.5714285714286,28.0952380952381,0.952380952380952,16.5238095238095,83.3333333333333,128.571428571429,29.4285714285714,20.2380952380952,12.5238095238095,3.33333333333333,1,0,0,0,1,2.04761904761905,24.5714285714286,33.5714285714286,515.904761904762,148.285714285714,286.619047619048,596.238095238095,213.285714285714,150.857142857143,135.142857142857,88.8571428571429,62.3333333333333,61.1904761904762,36.7142857142857,50.7142857142857,83.4285714285714,188.619047619048,244.142857142857,231.809523809524,78.952380952381,66,72,86.952380952381,76,88.2857142857143,82.952380952381,77.952380952381,70.952380952381,67,67.8095238095238,65,65.1904761904762,70,79,87.2380952380952,89.4285714285714,56.6142857869466,8.49047615414574,15.7047619138445,7.67142854418073,1.75714285600753,1.5904761950175,2.34285716783433,4.14761899766468,7.44285715193976,11.3999999818348,13.8809523809524,16.6476193382627,16.6095241364979,13.3476189658755,8.22380951472691,3.89523809296744,1.3238095272155,15.3142857324509,11.7285714830671,21.2428571610224,11.9142857506162,3.5809523945763,3.21428568022592,4.74761903853643,7.35238097962879,11.8285713649931,16.5666669209798,19.0571430751256,22.4047616322835,22.285714104062,18.1095241364979,11.3666667029971,5.73333333787464,2.79523810886201,5.25714286168416,10.1666667574928,3.4095238049825,-0.0761904780353819,-0.0142857148533776,-0.0952380973668326,0.9571428611165,3.05714283670698,6.26666666212536,8.70476191384452,10.8809523355393,10.9285712469192,8.57619067600795,5.07619040352958,2.07142855439867,-0.114285716698283
"36","Brewster Lake","BRE",12966.2116427919,4999156,16768,-125.5830002,50.1010017,109.2891,"Brewster Lake","1","56.5269583407408","2.82252521331248","61.7692329187087","2.44019636904811","323.319500656426","8980.167734011","1293.42424902624","245.410698652332","809.283125439242","26.9761027570098","0.00224338410758475","0","4.5294529077563e-05","0","68.3676872691084","26.9761027570098","3.64959511407758","1.93911689913439","16.603322172006","54.4400723618773","16.603322172006","3.07899394802551","2.46136524918893","0.386083154111168","0.730297391336976",11.4564103102073,102.230769230769,0,163.974358974359,26.9230769230769,0,190.897435897436,0,0,0,0,26.9230769230769,38.948717948718,79.1282051282051,45.8974358974359,0,0,0,0,43.5523078135955,-8.58461536505284,18.276153808985,59.924615419828,113.166923718575,21.4787179995806,14.7379487844614,12.0358973527566,5.81794868371426,0.420512820522373,-0.488461538194082,-4.8420512737372,-3.25307692014254,2.35102564860613,16.7233333098583,24.4782051184239,23.7076924152863,44.6923076923077,33.2051282051282,20.1025641025641,4.30769230769231,0,0,0,0,0,2.71794871794872,18.1282051282051,45.1538461538462,21.051282051282,0,24.5384615384615,123.102564102564,168.74358974359,504.769230769231,429.25641025641,424.564102564103,313.820512820513,206.923076923077,129.333333333333,60.051282051282,65.4102564102564,148.358974358974,302.358974358974,419.230769230769,508.051282051282,869.923076923077,255,945.205128205128,1442.15384615385,3512.25641025641,769.230769230769,0,0,0,0,2.53846153846154,8.2051282051282,19.9230769230769,22.6666666666667,10.4615384615385,0,1,0,11.5897435897436,50.8205128205128,2.53846153846154,0,64.974358974359,14.025641025641,13.5641025641026,30.5641025641026,88.2564102564103,205.230769230769,267.717948717949,363,361.820512820513,253.282051282051,120.615384615385,31.6153846153846,12.025641025641,405.564102564103,992.564102564103,324.076923076923,39.7179487179487,1761.71794871795,303.076923076923,-17.0846153650528,95.8461538461538,317.230769230769,179.205128205128,28.9230769230769,621.051282051282,7.92307692307692,14.7179487179487,31.948717948718,57.1794871794872,90.3076923076923,102.205128205128,116.666666666667,98.3846153846154,58.6923076923077,26.7948717948718,10.2820512820513,6.12820512820513,34.4974357409355,200.74358974359,1616.66666666667,8.51794877419105,1.51794871917138,302.666666666667,16.6846152574588,77,91.6923076923077,70.8974358974359,44,283.51282051282,15.4102564102564,13.5897435897436,18.2051282051282,23.5128205128205,29,30,31,31,29,27.5641025641026,20.4358974358974,14.974358974359,28.3076923076923,0.846153846153846,15.3076923076923,81.8205128205128,126.051282051282,28.9230769230769,19.6923076923077,11.3846153846154,3.38461538461538,1,0,0,0,1.12820512820513,2.12820512820513,24.8205128205128,33.2051282051282,542.564102564103,153.230769230769,295.051282051282,625.717948717949,222.794871794872,158.435897435897,138.487179487179,93.0769230769231,63.2051282051282,63.2051282051282,37.7435897435897,52.5128205128205,86.025641025641,198.74358974359,257.769230769231,244.435897435897,78.8205128205128,66.1282051282051,72.025641025641,86.6410256410256,76.0512820512821,88.2307692307692,82.6666666666667,77.2564102564103,71.3589743589744,67.5128205128205,67.974358974359,64.974358974359,65.7948717948718,70.0512820512821,79.3076923076923,86.8205128205128,89.2051282051282,55.1820513407389,8.56923083769969,15.7538461196117,7.8153847303146,1.95128203049684,1.78717947006226,2.52051282846011,4.37435891078069,7.57435901348407,11.5102564982879,13.9384615237896,16.6820511451134,16.6358973185221,13.3974359218891,8.27435896946834,4.03846155680143,1.51794871917138,15.1717949891702,11.7897436435406,21.2230768448267,12.0589743149586,3.81538460193536,3.45128206106333,4.97179488646678,7.67435906483577,11.892307648292,16.6282050303924,19.0538459680019,22.407692297911,22.2641024956336,18.1230769035144,11.3538462320964,5.90769231013763,3.01794871305808,5.34102564591628,10.2769230573605,3.57692310137626,0.0794871806716308,0.141025643891249,0.0717948728646988,1.06153845481383,3.26153845053453,6.39999994864831,8.82820518200214,10.9717948375604,11.0282051624396,8.67435897924961,5.20512824180799,2.16153846948575,0.00769231067253993
"39","Brown Bay Lake","BRB",1302.81317572812,73890,1202,-125.413002,50.1589012,20.8696,"Brown Bay Lake","0","62.9928787550421","3.14174923661857","57.8920770791619","5.88256318790844","467.532639611519","10386.6511437892","1213.75773479493","175.245375237894","560.939098078532","29.906164067914","0.0026818879160705","0","0.000134396371410239","0","83.7926647007029","29.906164067914","3.25510661999989","2.45641122937661","14.9009343343034","60.9621758562614","14.9009343343034","4.32667702306731","1.824840585616","0.494867483991728","0.799295036354003",10.6374999284744,93.5,0,128.25,11.5,0,139.75,0,0,0,0,11.5,21.125,71,36.125,0,0,0,0,47.5549998283386,-4.91124999523163,23.2025001049042,63.5175004005432,129.361248970032,23.0662498474121,15.9074999094009,13.802500128746,7.40875005722046,1.99375002086163,1.31500000506639,-4.00124999880791,-2.2250000089407,3.95875003933907,17.8524997234344,25.7425000667572,24.5462498664856,38.125,29,16.875,3.375,0,0,0,0,0,2.25,15,37.625,17.375,0,20.625,105,142.875,485.5,415,405.375,298.25,197,120.375,54.75,60.625,144,292.625,401.25,485.75,838,235.625,900.5,1386,3360.125,815.25,0,0,0,0,3.5,10,22.5,25.25,11.125,0,1,0,12.125,57.5,3.5,0,73.375,18.75,17.5,38.5,99.75,216.625,279.5,371,369.125,258.625,128.25,39,17.125,425.875,1019.5,355,53,1853.375,306.875,-15.8249999284744,95.75,315.25,179.625,29.875,620.5,8,14.875,32.875,57,89.75,102,115.75,97.75,58.125,26.875,11,7,34.5874991416931,213.75,1782.875,8.98750007152557,2.24999998509884,366.5,16.9375,78.875,92,74.625,48.875,294.125,16.875,15.125,19.875,25,29.75,30,31,31,29,28,21.75,16.875,24.5,1,12.25,67.5,104.875,24.875,17,9,2.875,1,0,0,0,1.75,2,21,25.875,583.625,187.25,346.75,665,239.875,171,157.875,110.5,78.125,81,44.75,61.375,101,210.75,272.125,254.125,79,67,73,86.625,76.125,88,83.125,77.25,72,69,69,66,66.625,71,79.875,86.125,88.5,46.2374997138977,8.924999833107,16.0500000715256,8.32500004768372,2.58749997615814,2.41250002384186,3.03749999403954,5.01249998807907,8.08750015497208,11.8999998569489,14.3250000476837,16.9375,16.8624999523163,13.5625001192093,8.58750009536743,4.63749992847443,2.24999998509884,14.7124998569489,12.1000000238419,21.3875000476837,12.4374998807907,4.44999998807907,4.12499994039536,5.45000010728836,8.28749990463257,12.2750000953674,16.8124997615814,19.3249998092651,22.4749999046326,22.3374998569489,18.1625001430511,11.5875000953674,6.59999996423721,3.85000002384186,5.72500002384186,10.7375000715256,4.18749994039536,0.662500001490116,0.737500000745058,0.637500006705523,1.68750001490116,3.91249999403954,6.97500002384186,9.37499988079071,11.3874998092651,11.3999998569489,9,5.57499998807907,2.66250002384186,0.612500008195639
"44","Campbell Lake","LCL",10897.9772518474,24358608,71760,-125.4639969,50.0185013,104.1037,"Campbell Lake","0","54.6611544343115","2.89945953696482","59.0289524182054","9.71265753142301","277.76807630579","11138.1022390005","2288.24037561191","204.116678643573","520.993917211252","28.7515760158086","0.00216897053223963","0","0.000169111720994305","0","66.3712385077616","28.7515760158086","3.59282701972773","1.91238272114198","6.8589604350297","50.1776739223171","6.8589604350297","2.52003477652864","3.00203337303821","0.361381287241042","0.671543796577341",12.6826087011807,101.985507246377,0,177.442028985507,31.3840579710145,0,208.826086956522,0,0,0,0,31.3840579710145,44.3115942028985,82.3260869565217,50.804347826087,0,0,0,0,37.9869565549104,-9.87978258685789,16.033478266951,53.6075361777043,97.7489128665648,19.4349999635116,13.1389855301898,11.1401449217313,4.89108696882276,0.00239130455082741,-0.995579707233802,-5.15956521379775,-3.72449275548907,1.85326086351837,14.5488405987836,21.5849275865417,21.0324637786202,42.4492753623188,31.5724637681159,19.036231884058,4.10144927536232,0,0,0,0,0,2.60869565217391,16.7898550724638,42.2753623188406,19.5217391304348,0,23.2898550724638,116.376811594203,159.195652173913,498.565217391304,423.782608695652,418.601449275362,310.282608695652,204.405797101449,125.775362318841,57.5434782608696,63.427536231884,147.710144927536,299.340579710145,412.333333333333,499.876811594203,859.420289855072,246.782608695652,933.268115942029,1422.23188405797,3461.6884057971,784.978260869565,0,0,0,0,2.76086956521739,8.81159420289855,21.0434782608696,23.5869565217391,10.6304347826087,0,1,0,11.7101449275362,53.536231884058,2.76086956521739,0,67.9565217391304,15.3913043478261,14.9492753623188,32.9565217391304,90.8840579710145,207.920289855072,272.507246376812,366.768115942029,364.630434782609,254.014492753623,122.934782608696,34.4565217391304,13.8333333333333,411.384057971014,1003.96376811594,331.768115942029,44.1521739130435,1791.26811594203,302.746376811594,-16.9347826639811,97.8333333333333,320.68115942029,181.746376811594,30.3405797101449,630.594202898551,8.28985507246377,15.4492753623188,32.7028985507246,57.8478260869565,91.0652173913043,103.608695652174,117.695652173913,99.3840579710145,59.3260869565217,27.6739130434783,10.8550724637681,6.70289855072464,34.634782652924,200.81884057971,1472.16666666667,8.67173916360606,1.78333332227624,284.68115942029,16.8057968581932,77.1376811594203,91.804347826087,71.3478260869565,44.8768115942029,284.876811594203,15.5942028985507,13.6884057971014,18.5507246376812,23.6666666666667,29,30,31,31,29,27.4492753623188,20.6014492753623,15.4855072463768,23.4130434782609,0.333333333333333,12.8768115942029,67.3840579710145,104.188405797101,24.3985507246377,16.2971014492754,9.48550724637681,2.92028985507246,1,0,0,0,1,2,20.2536231884058,26.6231884057971,489.54347826087,143.340579710145,274.905797101449,564.463768115942,202.971014492754,143.297101449275,130.413043478261,84.768115942029,59.6666666666667,59.3188405797101,35.3115942028985,48.7246376811594,81.7246376811594,178.050724637681,229.804347826087,218.239130434783,77.9927536231884,65.9492753623188,71.5724637681159,85.8623188405797,75.2391304347826,87.3188405797101,81.695652173913,76.5652173913043,70.9202898550725,67.1014492753623,67.5869565217391,64.9130434782609,65.2971014492754,69.768115942029,78.5797101449275,85.7898550724638,88.4855072463768,59.08695632824,8.68478270544522,15.8826086348382,7.955072634462,2.16304347135019,1.99999998704247,2.72173915393111,4.56594201101773,7.68985512982244,11.6115942139556,14.1043478440547,16.8050722177478,16.7340576752372,13.4173912380053,8.36884049747301,4.26304351074108,1.78333332227624,15.0268115789994,12.0355072643446,21.4289854851322,12.273188293844,4.16449279024981,3.77681160664213,5.31449274394823,7.97028994905776,12.0876811552739,16.7623186940732,19.2927533992823,22.5630437463954,22.4297100841135,18.2289854409038,11.5753622815229,6.29782608626545,3.3942028871481,5.33768120710401,10.3449274491573,3.63043477224267,0.175362323991198,0.221014497612697,0.123188410116279,1.15507244761439,3.29347828332929,6.45434777978538,8.91449282134789,11.0514492850373,11.0543479021045,8.62463778343754,5.1623188101727,2.23115943566613,0.175362324045188
"30","Cedar Lake","CED",12067.2954839946,342495,6558,-125.5660019,50.2067986,27.1993,"Cedar Lake","0","52.6112319446564","3.19895500408215","49.6858931067031","3.75895619187329","289.441323288098","4465.43022151596","772.295589123335","239.088701127222","966.602522905131","23.4591659925111","0.00212786407612988","0","0.000201851990266219","0","62.9731673418288","23.4591659925111","3.35758550706426","2.19925853533332","15.1635547976231","70.7833227876722","15.1635547976231","3.35440431079808","2.9346422239333","0.456975424802581","0.785560478245648",10.6357143947056,98.5714285714286,0,139.642857142857,17.3571428571429,0,157,0,0,0,0,17.3571428571429,28.7142857142857,72.2142857142857,38.7142857142857,0,0,0,0,47.6307146889823,-6.05714287076678,21.3892857687814,64.1578570774623,127.123572213309,22.8600000653948,15.9599999700274,13.1250000681196,6.90928568158831,1.35500001055854,0.527857146092824,-4.13142858232771,-2.45214290278299,3.17571427140917,18.4871429715838,25.9664287567139,25.3385714122227,44.9285714285714,33.7142857142857,20,4,0,0,0,0,0,3,18.2142857142857,45.5714285714286,21.0714285714286,0,24.2142857142857,124.214285714286,169.357142857143,505.5,430.642857142857,423.571428571429,311.571428571429,208.428571428571,130.714285714286,64.2857142857143,68.5714285714286,151.071428571429,304.785714285714,419.785714285714,509.071428571429,875.571428571429,263.571428571429,943.5,1445.57142857143,3528.14285714286,753,0,0,0,0,2.42857142857143,8.07142857142857,18.2142857142857,21.0714285714286,10.1428571428571,0,1,0,11.2142857142857,47,2.42857142857143,0,60.7857142857143,13.7142857142857,12.9285714285714,30.6428571428571,89.7142857142857,203.642857142857,266.071428571429,357.142857142857,356.928571428571,250.142857142857,118.571428571429,31.3571428571429,11.8571428571429,400.285714285714,980.285714285714,324,38.3571428571429,1742.85714285714,304.928571428571,-16.6642855235509,91.9285714285714,309.142857142857,174.357142857143,27.0714285714286,602.357142857143,7.21428571428571,13.9285714285714,30.5714285714286,55.6428571428571,88,100,113.571428571429,95.5,56.6428571428571,25.4285714285714,9.92857142857143,6,34.1428565979004,206.357142857143,1737.28571428571,8.46428571428571,1.47857142346246,331.857142857143,16.5071428843907,77.5,92,72.5714285714286,45.5,287.285714285714,16.0714285714286,14.3571428571429,19.2142857142857,24.3571428571429,29,30,31,31,29,28,20.5714285714286,15.4285714285714,30.2142857142857,1,16.1428571428571,88.1428571428571,134.857142857143,30.7142857142857,21.5714285714286,11.8571428571429,3.57142857142857,1,0,0,0,1.64285714285714,2.57142857142857,26.2142857142857,35.6428571428571,578.285714285714,169.571428571429,322.785714285714,666.5,236,170.071428571429,148.785714285714,103.357142857143,70.7142857142857,71.4285714285714,41.3571428571429,56.7857142857143,91.5714285714286,214.428571428571,272.285714285714,260.357142857143,80.1428571428571,67.6428571428571,73.2857142857143,88.2142857142857,77.2142857142857,89.7857142857143,84.4285714285714,78.8571428571429,72.9285714285714,68.7142857142857,69,66.3571428571429,67,71.8571428571429,81.2142857142857,87.6428571428571,90.6428571428571,49.7499997275216,8.49285704748971,15.6285715103149,7.83571427209037,1.92142856121063,1.77857142686844,2.46428571428571,4.40714284351894,7.63571432658604,11.4428571973528,13.8857143947056,16.4857142312186,16.4857142312186,13.2928569657462,8.18571444920131,4.02857143538339,1.47857142346246,15.0357142857143,11.4999999318804,20.892857006618,11.8571427890233,3.57142860548837,3.19999997956412,4.68571431296212,7.45714289801461,11.7500000681196,16.357142993382,18.8071429388864,21.9928571156093,21.8642854690552,17.7571430206299,10.9999999318804,5.7714285169329,2.81428568703788,5.5,10.3714286259242,3.81428573812757,0.250000003193106,0.342857149562665,0.257142859910216,1.34285714796611,3.54285717010498,6.55000002043588,8.97142853055682,11.028571333204,11.1357143947056,8.84285708836147,5.40000009536743,2.26428575175149,0.157142861081021
"40","Comida Lake","COM",7778.96927719449,202602,2880,-125.5299988,50.1495018,27.4179,"Comida Lake","0","50.8950715225902","2.73923879006423","51.0397059611722","3.66969464611066","266.58288383642","6672.826786865","1061.71479754516","266.323577848083","1180.99741018131","23.0360839613908","0.00233921070519242","0","0.000197859301204428","0","54.6874094984403","23.0360839613908","3.62796359578432","2.03713083558331","15.3764927979539","73.4225140876698","15.3764927979539","3.0847747037655","2.87819166672709","0.46591788383249","0.758284935505998",10.9090909090909,102.636363636364,0,146.363636363636,19.5454545454545,0,165.909090909091,0,0,0,0,19.5454545454545,30.9090909090909,74.4545454545455,41,0,0,0,0,45.642727244984,-6.82727267525413,20.7954543720592,61.5881819291548,121.197272560813,22.0345455516468,15.2336364225908,12.8054546009411,6.86727272380482,1.12545454502106,0.283636364069852,-4.3881818597967,-2.72727274894714,3.05272726579146,17.4254542264071,25.1645454059948,24.3218179182573,46.7272727272727,35.1818181818182,21.6363636363636,4.36363636363636,0,0,0,0,0,3,19.0909090909091,47.6363636363636,22.0909090909091,0,26.0909090909091,129.636363636364,178.272727272727,510.909090909091,435.727272727273,431.272727272727,319.181818181818,212.090909090909,133.818181818182,64.6363636363636,69,153.818181818182,308.454545454545,424.454545454545,515.272727272727,886.727272727273,267.454545454545,962.545454545455,1462.09090909091,3578.63636363636,740.454545454545,0,0,0,0,2.09090909090909,7.54545454545455,18,21,9.63636363636364,0,1,0,10.9090909090909,46.2727272727273,2.09090909090909,0,59.4545454545455,12.5454545454545,11.7272727272727,27.5454545454545,84.4545454545455,199.454545454545,262.090909090909,356.454545454545,356.545454545455,246.818181818182,115.818181818182,29.4545454545455,10.4545454545455,392.272727272727,975.090909090909,311.636363636364,35,1713.90909090909,302.727272727273,-17.2727272727273,92.6363636363636,311.636363636364,174.727272727273,27.6363636363636,606.909090909091,7.54545454545455,14.0909090909091,30.8181818181818,55.7272727272727,88.4545454545455,100.545454545455,114.818181818182,96.4545454545455,57,25.8181818181818,10,6,34.2181819568981,200.181818181818,1680.90909090909,8.30909096110951,1.28181818398562,325.090909090909,16.4909092296254,76.7272727272727,91.6363636363636,70.7272727272727,43.2727272727273,282,15.2727272727273,13.4545454545455,18,23.5454545454545,29,30,31,31,29,27.6363636363636,20.2727272727273,14.6363636363636,31,1,18.1818181818182,90.7272727272727,140.636363636364,31.6363636363636,22.1818181818182,13.3636363636364,4.09090909090909,1,0,0,0,1.81818181818182,2.45454545454545,26.9090909090909,37.0909090909091,559,165.454545454545,316.363636363636,640.727272727273,227.909090909091,162.545454545455,145.272727272727,102.181818181818,68.9090909090909,69.6363636363636,40.2727272727273,55.7272727272727,91,204,264.090909090909,249.818181818182,79.9090909090909,67,72.8181818181818,87.6363636363636,76.8181818181818,88.8181818181818,83.6363636363636,78.3636363636364,72,68,68.5454545454545,66,66.6363636363636,71.0909090909091,80.6363636363636,87.7272727272727,89.9090909090909,50.7090908397328,8.38181816447865,15.5727272033691,7.60909093510021,1.72727271643552,1.60000000216744,2.28181819482283,4.16363642432473,7.38181816447865,11.3090909611095,13.7454544414173,16.4727273420854,16.4818182858554,13.1909092122858,8.08181823383678,3.87272726405751,1.28181818398562,15.2181817835028,11.4363636537032,20.9272726232355,11.7090908397328,3.46363633329218,3.1454545584592,4.5999999479814,7.2999999739907,11.5818182338368,16.2909089868719,18.7727272727273,22.0636364329945,21.9363635670055,17.7090908397328,11.0000000866977,5.63636363636364,2.66363635930148,5.30000006068837,10.1999999826605,3.53636362335899,-0.0272727283564481,0.0454545468091965,-0.0272727283564481,1.01818184419112,3.22727277062156,6.30909091776068,8.75454538518732,10.8818181644786,10.9909092296254,8.66363646767356,5.19090912558816,2.06363635713404,-0.0727272738109935
"16","D Lake","GRA",1892.51796259859,24109,599,-127.4449997,50.5163002,11.6315,"D Lake","0","48.0341112008063","1.57380902399302","56.3418862290106","7.69583926777301","314.485984279783","13339.9353059943","425.299903462259","111.137310374141","295.202771440925","25.8902660408903","0.00215522731020115","0","0.00070677140532135","0","87.4643529745723","25.8902660408903","3.60691021015","2.04672255441763","21.5659438025738","53.0359532745814","21.5659438025738","3.20262441030242","2.66295766577818","0.461193649964041","0.827453679651947",8.87142862592425,80.8571428571429,0,77.8571428571429,0,0,77.8571428571429,0,0,0,0,0,20.8571428571429,48.5714285714286,8.42857142857143,0,0,0,0,64.0514281136649,0.467142858675548,34.4199992588588,73.384286063058,172.322854178292,26.0757141113281,19.9628573826381,19.7642857687814,11.4214285441807,3.23142855507987,1.21857142448425,-1.63428570543017,0.884285713945116,7.19142866134644,22.2599999564035,34.601428440639,27.3471429007394,23.5714285714286,19,14.4285714285714,4,0,0,0,0,0,2,9,23.4285714285714,11,0,18.5714285714286,66.2857142857143,95.7142857142857,429.285714285714,368.857142857143,388.285714285714,307.285714285714,227.285714285714,155.142857142857,98.5714285714286,90.4285714285714,151.285714285714,265.857142857143,357.571428571429,428,774.714285714286,344.142857142857,923,1226.42857142857,3268.14285714286,662.428571428571,0,0,0,0,1.42857142857143,4.85714285714286,8.85714285714286,13.4285714285714,10,0,0,0,10,27,1.42857142857143,0,38.4285714285714,34.2857142857143,31.5714285714286,43.1428571428571,91.7142857142857,180.857142857143,233.428571428571,313.428571428571,327.142857142857,250,150.571428571429,59.4285714285714,32.7142857142857,459.857142857143,874,315.571428571429,98.4285714285714,1747.71428571429,318.285714285714,-13.0999999727522,91,264.142857142857,160.142857142857,34,549.428571428571,10,16.8571428571429,32,52.2857142857143,75.7142857142857,84.8571428571429,95.5714285714286,83.7142857142857,52.1428571428571,26.8571428571429,12,8,33.2285712105887,237.571428571429,2156.14285714286,9.11428574153355,4.09999993869237,390.571428571429,15.5142857687814,82.7142857142857,91.8571428571429,77.1428571428571,60.7142857142857,312.142857142857,20.8571428571429,19,22.1428571428571,25.5714285714286,29.5714285714286,30,31,31,29,29,24.2857142857143,21,19.5714285714286,1,14.7142857142857,37.8571428571429,73.4285714285714,14.5714285714286,9.85714285714286,8.71428571428571,4.57142857142857,1.14285714285714,0,0,1,2,1.14285714285714,16.1428571428571,13.4285714285714,748.571428571429,186.428571428571,443,778.142857142857,274.857142857143,216.285714285714,218.571428571429,146,78.4285714285714,64,47,75.4285714285714,125.714285714286,257.571428571429,365.285714285714,286.857142857143,80.1428571428571,73.8571428571429,76.5714285714286,84.1428571428571,78.8571428571429,85,81.8571428571429,78.8571428571429,75.8571428571429,75,75.5714285714286,73.2857142857143,72.4285714285714,75.5714285714286,81,85,85.8571428571429,39.7428572518485,9.61428574153355,14.457142829895,7.98571443557739,4.34285722460066,4.2571428843907,4.68571438108172,5.55714280264718,7.77142858505249,10.6571429116385,12.7857140132359,15.08571434021,15.5142857687814,13.2714285169329,9.45714282989502,6.09999990463257,4.09999993869237,11.4285714285714,12.58571434021,18.6142861502511,11.5142857687814,6.61428567341396,6.38571432658604,7.31428575515747,8.64285714285714,11.41428565979,14.5000001362392,16.6142858777727,19.3428565434047,19.9142853873117,17.1142861502511,12.3571428571429,8.31428561891828,6.12857130595616,6.64285707473755,10.3285713195801,4.45714282989502,2.08571432318006,2.10000004087176,2.07142858845847,2.42857141154153,4.15714287757874,6.79999998637608,8.97142859867641,10.8571428571429,11.1285715103149,9.45714282989502,6.55714280264718,3.88571425846645,2.08571432318006
"42","Dugout Lake","DUG",8257.96428819371,13868,670,-125.5240021,50.1833992,4.2189,"Dugout Lake","0","54.1378764859111","2.8274840459133","47.142498988427","5.07474087669978","388.999609484561","6193.66478994567","742.354015001072","273.694207015679","1165.52777813958","18.9953921611889","0.0027224735108473","0","0.000343672248150704","0","46.9821739859988","18.9953921611889","3.88303721958033","2.195956213319","17.6832110035251","71.9350195841797","17.6832110035251","4.37287350526884","2.7375218443745","0.475842348199212","0.777789796864762",10.3166667620341,101,0,131.666666666667,13.1666666666667,0,144.833333333333,0,0,0,0,13.1666666666667,24.6666666666667,70.6666666666667,36.3333333333333,0,0,0,0,48.8916664123535,-5.3083332379659,23.2650000254313,64.2299989064534,131.085000356038,22.8849999109904,15.9383333524068,13.6650001207987,7.85833342870076,1.74166665474574,0.921666671832403,-3.98833338419596,-2.24166667461395,3.68666660785675,18.4166666666667,26.7916666666667,25.4066667556763,47,36.3333333333333,21,4.33333333333333,0,0,0,0,0,3.16666666666667,18.8333333333333,46.6666666666667,22,0,25.8333333333333,130,178.166666666667,511.5,438.666666666667,428.833333333333,319.166666666667,213.666666666667,135.5,67.5,71.5,157,311.166666666667,423.333333333333,512.833333333333,891.333333333333,274.166666666667,962,1463,3590.83333333333,727.166666666667,0,0,0,0,2.16666666666667,7.16666666666667,17,20.1666666666667,9.16666666666667,0,1,0,10.5,44.3333333333333,2.16666666666667,0,56.5,12.1666666666667,10.8333333333333,28.3333333333333,84.3333333333333,197.666666666667,259.833333333333,352.5,353.5,243,114,30,11,386.666666666667,965.666666666667,310.166666666667,34.1666666666667,1696.66666666667,303.333333333333,-17.216667175293,90.8333333333333,307.666666666667,172.833333333333,27,598.166666666667,7.16666666666667,13.8333333333333,30.3333333333333,55.1666666666667,87.1666666666667,99.3333333333333,113,95.1666666666667,56,25,10,6,34.0666662851969,202,1770.66666666667,8.28333338101705,1.34999998410543,345.666666666667,16.3833332061768,77,91.6666666666667,71.3333333333333,43.6666666666667,283.166666666667,15.1666666666667,13.5,18.5,23.6666666666667,29,30,31,31,29,27.6666666666667,20.1666666666667,14.8333333333333,32.8333333333333,1,18.8333333333333,94.5,147,33,24.1666666666667,13.5,4.5,1,0,0,0,2,2.83333333333333,28.1666666666667,37.5,588.833333333333,176,339.333333333333,666.5,236.333333333333,169.333333333333,153.666666666667,111.833333333333,73.8333333333333,74.8333333333333,42.5,58.8333333333333,95.3333333333333,212.833333333333,280.333333333333,261.166666666667,80.1666666666667,67.6666666666667,73.5,87.6666666666667,77.1666666666667,89.3333333333333,84.3333333333333,78.6666666666667,73,69,69,66.6666666666667,67,72.1666666666667,81.1666666666667,87.6666666666667,90.3333333333333,47.3833325703939,8.3166667620341,15.4666666984558,7.59999998410543,1.68333333730698,1.56666666269302,2.1666667064031,4.2333333492279,7.39999993642171,11.2500001589457,13.6666665077209,16.3666667938232,16.3666664759318,13.0500000317891,8,3.88333336512248,1.34999998410543,15.016666730245,11.3000000317891,20.7166665395101,11.6166667938232,3.41666666666667,3.04999995231628,4.40000001589457,7.29999995231628,11.4833334287008,16.1166667938232,18.6166667938232,21.7999998728434,21.7166665395101,17.4666668574015,10.7500001589457,5.66666674613953,2.73333326975505,5.33333333333333,10.233333269755,3.61666671435038,0.0500000032285849,0.0833333370586236,-0.0333333325882753,1.16666667660077,3.28333334128062,6.34999998410543,8.76666673024496,10.8833333651225,11.0166665712992,8.66666666666667,5.23333342870076,2.13333332538605,-0.0333333338300387
"45","Echo Lake","ECH",8616.22385495942,240491,2745,-125.4110031,49.9860001,19.7696,"Echo Lake","0","55.2842376721561","2.92434282440527","39.7366161489436","14.0601352194415","327.53512475772","9265.24975887909","469.787739006487","248.717954057519","602.52402869824","23.4922077802036","0.00397667391119897","0","0.00066564683797391","0","51.3665975596728","23.4922077802036","3.26440237515911","2.28834723022924","3.76446449221628","25.0255263239127","3.76446449221628","4.51395339569498","2.41347941891448","0.504213467228777","0.790404016682468",12.6090910651467,105.181818181818,0,176.181818181818,31.1818181818182,0,207.363636363636,0,0,0,0,31.1818181818182,43.5454545454545,82.0909090909091,50.5454545454545,0,0,0,0,37.7290906039151,-9.78636360168457,16.2127272865989,53.2936359752308,97.4518182927912,19.3345454822887,13.0899999791926,11.2354544726285,4.96818178350275,0.0100000001151453,-0.924545461481268,-5.1481817852367,-3.71090912818909,1.99727270819924,14.3854546113448,21.3490905761719,20.8681815754284,44.2727272727273,33.0909090909091,20.4545454545455,4.27272727272727,0,0,0,0,0,3,17.9090909090909,44.5454545454545,20.8181818181818,0,25.1818181818182,121.636363636364,167.636363636364,504,429,426,317.636363636364,209.636363636364,129.909090909091,60.9090909090909,66.1818181818182,151.454545454545,304.454545454545,418.272727272727,506.090909090909,874,256.818181818182,953.181818181818,1439.18181818182,3523.09090909091,760.636363636364,0,0,0,0,2.27272727272727,8.09090909090909,19.5454545454545,22.1818181818182,9.90909090909091,0,1,0,11,49.8181818181818,2.27272727272727,0,63.3636363636364,14,13.7272727272727,29.7272727272727,85.7272727272727,202.272727272727,267.181818181818,361.909090909091,360.545454545455,249.727272727273,118.818181818182,32.1818181818182,12.3636363636364,400.545454545455,989.909090909091,317.818181818182,39.9090909090909,1748.09090909091,301,-17.3999997919256,97.7272727272727,320,180.818181818182,30.3636363636364,628.909090909091,8.27272727272727,15.4545454545455,32.7272727272727,57.7272727272727,90.7272727272727,103.727272727273,117.727272727273,99.0909090909091,59.2727272727273,27.7272727272727,10.9090909090909,6.72727272727273,34.4999996532093,195.909090909091,1465.27272727273,8.48181837255304,1.57272729006681,286.363636363636,16.6545455239036,76.2727272727273,91.4545454545455,69.7272727272727,43.0909090909091,280.545454545455,14.9090909090909,13.1818181818182,17.6363636363636,23,29,30,31,31,29,27,19.9090909090909,14.7272727272727,24.9090909090909,0.727272727272727,14.8181818181818,71.9090909090909,112,25.8181818181818,17.2727272727273,11,3.27272727272727,1,0,0,0,1,2,21.3636363636364,28.6363636363636,486,143.636363636364,275,560.545454545455,201.818181818182,142.272727272727,130.818181818182,84.6363636363636,59.5454545454545,59.8181818181818,35.6363636363636,48.1818181818182,82.8181818181818,175.727272727273,227.090909090909,216.363636363636,78,66,71,85.7272727272727,75,86.9090909090909,81.4545454545455,76.3636363636364,71,67,67,65,65.0909090909091,69.4545454545455,78.2727272727273,85.6363636363636,88.4545454545455,58.1545458706942,8.51818188753995,15.7454546148127,7.7363636710427,1.98181814497167,1.82727271860296,2.53636362335899,4.32727276195179,7.44545451077548,11.390909021551,13.9363637404008,16.6545455239036,16.6090913252397,13.2909090735696,8.20909092643044,4.07272718169472,1.57272729006681,15.0818184072321,11.8818179910833,21.2818178697066,12.0636364329945,3.99999997832558,3.64545451511036,5.17272723804821,7.76363641565496,11.8727272207087,16.5909090909091,19.1545455239036,22.4545454545455,22.2999997572465,18.1000003814697,11.4181818528609,6.12727269259366,3.20000000433488,5.15454543720592,10.1545454372059,3.38181818615306,-0.045454546131871,-6.77325508811257e-10,-0.100000002844767,0.881818180734461,3.00909090042114,6.20909092643044,8.69090903889049,10.8545453331687,10.8999999653209,8.46363631161776,4.98181819915771,2.00909090042114,-0.0363636369054968
"28","Farewell Lake","FAR",11694.8238939776,211617,3568,-125.5899963,50.2001991,18.9594,"Farewell Lake","0","55.4980668697303","3.03581734454389","52.03545367021","5.98128060305439","242.076514244668","2656.70252504289","1256.63638942591","213.274998785296","679.547939829338","25.3141584090923","0.00165320935581136","0","6.81532246801088e-05","0","71.535461039836","25.3141584090923","3.42136985641065","2.1908017309474","11.2795105302561","76.7317228544005","11.2795105302561","3.49120125665016","2.59066953138601","0.447730131700716","0.779137926989413",10.5699999809265,98.7,0,138.6,17,0,155.6,0,0,0,0,17,27.8,72.8,38,0,0,0,0,47.8270000457764,-5.92999997138977,21.9590000152588,64.2219997406006,128.081000518799,22.8529998779297,15.9239998817444,13.3749999046326,7.18599996566772,1.4,0.615000003576279,-4.15599999427795,-2.38999998569489,3.35899996757507,18.4220001220703,26.0489999771118,25.4440000534058,44.3,33.1,19.5,4,0,0,0,0,0,3,18,44.8,20.6,0,23.6,122.2,166.6,503.8,428.7,421.3,310.3,206.9,129.8,63.3,68,149.9,303,417.9,507.3,871.1,261.1,938.5,1440.2,3510.6,759.4,0,0,0,0,2.4,8.4,18.7,21.4,10.4,0,1,0,11.4,47.7,2.4,0,61.9,14.2,13.4,31.6,90.8,205.4,267.3,358.4,357.8,251.3,120,32,12.1,403.4,983.7,327.7,39.6,1754.2,304.8,-16.6500001907349,92.9,310.7,176,27.5,607.1,7.4,14,31.3,56.2,88.7,100.5,114,96,57.3,25.6,10,6,34.1800003051758,206.1,1751.5,8.52999973297119,1.53999998569489,338,16.5800003051758,77.4,92,72.6,45.4,287.3,16.1,14.4,19.1,24.4,29,30,31,31,29,28,20.4,15.4,29.5,1,15.9,86.2,132.4,30.2,21,11.6,3.6,1,0,0,0,1.6,2.5,25.9,35.1,581.5,172.3,330,667.8,236.1,170,151.8,106.6,71.8,72.7,41.9,57.9,93.9,214.3,273.2,261.6,80,67,73,88,77,89.4,84,78.1,72.3,68,69,66,67,71.2,81,87.4,90.2,48.9799999237061,8.54999980926514,15.6800003051758,7.89000015258789,1.96999999284744,1.8299999833107,2.56000001430511,4.48000001907349,7.69000000953674,11.5099997520447,13.9300002098083,16.5400001525879,16.5400001525879,13.339999961853,8.24999990463257,4.08000011444092,1.53999998569489,15.010000038147,11.6200000762939,20.9799999237061,11.9699999809265,3.67000002861023,3.29999992847443,4.80999994277954,7.6300000667572,11.85,16.4599998474121,18.8899995803833,22.0800003051758,21.9299997329712,17.8599998474121,11.110000038147,5.8899998664856,2.92000000476837,5.48000001907349,10.3700000762939,3.8,0.270000001788139,0.370000010728836,0.280000001192093,1.3200000166893,3.57000002861023,6.57000007629395,8.96000003814697,11.0099997520447,11.1200000762939,8.81999988555908,5.38000011444092,2.25000002384186,0.170000003278255
"2","Frederick Lake","FRE",8243.73103825405,378015,2932,-125.026001,48.8543015,32.6089,"Frederick Lake","1","54.2732409508809","1.67048072208697","56.5745248663715","1.13403917789712","468.773965958931","180.527492939042","2803.7675889938","180.581379792472","404.834864205015","29.6766956685956","0.0010972271830451","0.00177507828262387","0","0.00177507828262387","107.869192586167","29.6766956685956","2.75096347791175","2.42576625974959","19.4084851331383","62.4971727093904","19.4084851331383","3.9697180819905","2.80434244877293","0.504380564418698","0.821824630518617",5.80909091776068,96.4545454545455,0,54.3636363636364,0,0,54.3636363636364,0,0,0,0,0,0,49.7272727272727,4.63636363636364,0,0,0,0,88.7581828724254,5.6118181402033,61.9790916442871,124.227272727273,280.578183260831,48.2009090076793,32.4627274599942,31.9818182858554,20.7172728451816,9.28363643993031,5.94272730567239,-1.66181817921725,1.33272724530914,9.25454555858265,30.4209086678245,49.0827272588556,43.5654539628462,29.2727272727273,23.6363636363636,14.8181818181818,4.09090909090909,0,0,0,0,0,1.45454545454545,11,29.7272727272727,12.5454545454545,0,19.1818181818182,82.5454545454545,114.454545454545,450.727272727273,390.181818181818,389.363636363636,309.363636363636,218.363636363636,144.181818181818,83.3636363636364,80.8181818181818,132,259.181818181818,371.818181818182,454.363636363636,763,308.545454545455,917.090909090909,1295.36363636364,3284.09090909091,728.727272727273,0,0,0,0,1.27272727272727,6.09090909090909,12,16.4545454545455,13.0909090909091,0,0,0,13.0909090909091,34.3636363636364,1.27272727272727,0,48.7272727272727,28.0909090909091,24.8181818181818,46.0909090909091,91.9090909090909,191.545454545455,247.363636363636,332.363636363636,340.090909090909,272.090909090909,156.545454545455,53.6363636363636,24.8181818181818,482.090909090909,919.727272727273,329.727272727273,77.7272727272727,1809.36363636364,311,-15.145454233343,108.454545454545,286.272727272727,181,39.7272727272727,615.636363636364,11.5454545454545,18.9090909090909,37.9090909090909,58.7272727272727,84.5454545454545,93.2727272727273,103.545454545455,89.6363636363636,61.9090909090909,32.7272727272727,14,9.45454545454546,33.5363637750799,214.636363636364,3287.63636363636,9.09090917760676,3.25454545021057,559.818181818182,15.9363635670055,80.0909090909091,91.7272727272727,72.9090909090909,51.4545454545455,296,18.1818181818182,15.6363636363636,19.9090909090909,23.7272727272727,29.2727272727273,29.9090909090909,31,31,29,28.4545454545455,22.3636363636364,17.5454545454545,32.0909090909091,1.09090909090909,27.0909090909091,91.6363636363636,152.181818181818,35.4545454545455,24.3636363636364,16.0909090909091,8.72727272727273,2.36363636363636,0.272727272727273,0,1,2.09090909090909,1.72727272727273,28.1818181818182,32,1014,257.090909090909,732.272727272727,1284.63636363636,495.545454545455,340.818181818182,344,242.909090909091,145.454545454545,118.090909090909,53.8181818181818,85,157.272727272727,346.090909090909,510.363636363636,448.272727272727,76.0909090909091,71.4545454545455,72.0909090909091,81.6363636363636,75.2727272727273,82.8181818181818,78.3636363636364,73.8181818181818,71.3636363636364,71,72.3636363636364,70.9090909090909,71,70.2727272727273,75.4545454545455,82.0909090909091,83.7272727272727,28.5272724845193,9.7636363289573,14.9636363983154,8.10000003467907,3.57272729006681,3.5545454567129,3.91818176616322,5.50909092209556,7.69999985261397,11.0272727446123,13.254545471885,15.6818183552135,15.9363635670055,14.0363636016846,9.67272715135054,5.61818179217252,3.25454545021057,12.6909091255882,13.4636362249201,19.5181820609353,12.3000000173395,6.20909088308161,5.99090905623002,7.02727278796109,9.38181816447865,12.0363636016846,15.5272728313099,17.6000000346791,20.3181818181818,20.618181922219,18.754545211792,13.372727394104,8.22727277062156,5.54545458880338,6.10000003467907,10.4090909090909,3.87272730740634,0.954545466737314,1.12727273661982,0.799999995665117,1.63636363975026,3.40909090909091,6.51818180084229,8.91818185286088,11.0636362595992,11.2636363289573,9.30909087441184,5.97272729873657,3.00909094376998,0.936363644220612
"37","Fry Lake","FRY",17438.4124426005,783697,6914,-125.5790024,50.0275002,24.4052,"Fry Lake","0","55.9858293653584","2.95003255843985","62.2984780358136","5.01812076267751","238.867374193562","16838.0600635273","676.900098041887","198.071939782811","823.633078635069","29.8769343288896","0.00233592507614024","0","0.000198683879080348","0","65.8145538105989","29.8769343288896","4.1935380241083","2.05147468623124","11.6135803646032","60.9823866538374","11.6135803646032","3.82696242671203","2.9750536545706","0.447759038190162","0.779883899573126",12.6555555661519,102.055555555556,0,186.888888888889,35.0555555555556,0,221.944444444444,0,0,0,0,35.0555555555556,49.8888888888889,84.6111111111111,52.3888888888889,0,0,0,0,38.7450004153781,-10.800000137753,15.0816666815016,54.7844445970323,97.80999967787,19.7338890499539,13.3394443723891,10.7866666581896,4.6538889143202,-0.356666665938165,-1.53222221136093,-5.37944441371494,-3.88888892862532,1.50111111005147,15.0022223260668,22.2394445207384,21.7105553944906,42.0555555555556,31.0555555555556,18.5555555555556,4,0,0,0,0,0,2.72222222222222,16.6111111111111,41.6666666666667,19.4444444444444,0,22.6666666666667,114.833333333333,156.944444444444,497.444444444444,421.944444444444,415.388888888889,308.388888888889,203.388888888889,125.555555555556,57.0555555555556,62.5555555555556,145.888888888889,298.666666666667,411.666666666667,498.333333333333,856.333333333333,245.222222222222,927.277777777778,1417.77777777778,3446.61111111111,789.944444444444,0,0,0,0,2.83333333333333,8.83333333333333,21.3333333333333,24,10.8333333333333,0,1,0,11.9444444444444,54.1666666666667,2.83333333333333,0,68.8888888888889,15.6666666666667,15.3333333333333,34.2777777777778,92.1666666666667,209,272.777777777778,367.444444444444,365.888888888889,256.166666666667,123.555555555556,34.6111111111111,14.0555555555556,414.166666666667,1006.22222222222,335.444444444444,45.1666666666667,1800.88888888889,302.833333333333,-16.8777779473199,98.7222222222222,322.555555555556,183.055555555556,30.5,635,8.33333333333333,15.6111111111111,32.8888888888889,58.0555555555556,91.8333333333333,104,118.777777777778,100,60,28,10.9444444444444,6.77777777777778,34.7000001271566,200.777777777778,1477.94444444444,8.7111112276713,1.8333333267106,272.055555555556,16.8333330154419,77,91.8333333333333,71.5,45.1666666666667,285.611111111111,15.7222222222222,13.8333333333333,18.7222222222222,23.8333333333333,29,30,31,31,29,27.2222222222222,20.6666666666667,15.6111111111111,23.8888888888889,0.0555555555555556,11.8333333333333,67.3888888888889,103.444444444444,24.3333333333333,16.0555555555556,8.55555555555556,2.61111111111111,1,0,0,0,1,2,20.6111111111111,26.9444444444444,498.666666666667,135.944444444444,266.888888888889,576.555555555556,206,145.388888888889,127.277777777778,82.8333333333333,56.7777777777778,54.3888888888889,34.1666666666667,47.4444444444444,79.5555555555556,182.944444444444,236.333333333333,225.111111111111,77.8888888888889,65.8333333333333,71,85.7777777777778,75,87.3888888888889,81.5,76.5,70.8888888888889,66.9444444444444,67,64.6111111111111,65,69,78,85.6666666666667,88.3888888888889,61.866666369968,8.72777785195245,15.9111110369364,8.01666688919067,2.21666665871938,2.04444445504083,2.79444449477726,4.67777784665426,7.75000005298191,11.6444444126553,14.1055554813809,16.8333330154419,16.772221883138,13.5,8.39444430669149,4.29444448153178,1.8333333267106,14.9888888465034,12.1222221586439,21.5222223069933,12.3833333121406,4.22777779897054,3.8222222328186,5.40555553966098,8.08333335982429,12.1944445504083,16.8777776294284,19.3499997456868,22.6666670905219,22.5333334604899,18.4055551952786,11.6333333121406,6.34999998410543,3.45555551846822,5.32222231229146,10.3055554495917,3.65555555290646,0.205555562757783,0.238888895346059,0.161111115167538,1.24999998675452,3.32222224606408,6.4111111164093,8.88333325915866,10.9944445821974,11.0444446139865,8.57222233878242,5.14444430669149,2.24444443649716,0.200000007119444
"35","Gray Lake","GRY",16184.8504942215,591542,5861,-125.5960007,50.0570984,22.6033,"Gray Lake","1","61.9029682946265","2.62408151832423","62.1715183465778","2.06403020982719","425.650650072527","13629.357892814","676.50224730881","230.224508821435","923.850424425718","28.1726975067297","0.00272130094309515","0","0.000133414599504144","0","64.7182106332672","28.1726975067297","3.98614830906761","2.2343027313525","14.2300337250645","69.8347718063146","14.2300337250645","2.63442517513809","2.63418704517342","0.491686042582908","0.807568055602762",12.0588234172148,103.705882352941,0,177.588235294118,32.2352941176471,0,209.823529411765,0,0,0,0,32.2352941176471,45.2941176470588,82.5882352941177,49.7058823529412,0,0,0,0,40.8482354108025,-9.94823534348432,16.3994117063635,57.2641177457922,104.561764885398,20.5935294207405,14.0011763853185,11.3641176223755,5.12823528401992,-0.0923529406461646,-1.1005882340319,-5.19882353614358,-3.64882351370419,1.84058824006249,15.751176441417,23.2541176291073,22.669999964097,44.5294117647059,33,19.8823529411765,4.11764705882353,0,0,0,0,0,2.88235294117647,17.8823529411765,44.6470588235294,20.8235294117647,0,24.2352941176471,122.294117647059,167.235294117647,504.705882352941,428.647058823529,423.352941176471,312.882352941176,206.470588235294,128.588235294118,59.1764705882353,64.4117647058823,147.294117647059,301.588235294118,418.411764705882,506.882352941176,867.411764705882,252.058823529412,942.705882352941,1440.23529411765,3502.35294117647,774.235294117647,0,0,0,0,2.58823529411765,8.29411764705882,20.2352941176471,23.1764705882353,10.5882352941176,0,1,0,11.7647058823529,51.6470588235294,2.58823529411765,0,66.1176470588235,14.0588235294118,13.5882352941176,31.0588235294118,88.7647058823529,205.705882352941,269.058823529412,364.176470588235,363.294117647059,254.529411764706,121.235294117647,32,12.1764705882353,407.705882352941,996.470588235294,325.588235294118,39.8823529411765,1769.70588235294,302.294117647059,-17.1411765603458,97.6470588235294,320.529411764706,181.117647058824,29.2352941176471,628.705882352941,8,14.9411764705882,32,57.7647058823529,91.2352941176471,103.294117647059,118.058823529412,99.3529411764706,59.9411764705882,27.4117647058824,10.3529411764706,6.11764705882353,34.6058820836684,198.647058823529,1538.29411764706,8.55882352941176,1.55294118208044,284.529411764706,16.7235295912799,76.7647058823529,91.6470588235294,70.8823529411765,44.0588235294118,283.058823529412,15.3529411764706,13.5882352941176,18.3529411764706,23.3529411764706,29,30,31,31,29,27.1176470588235,20.3529411764706,15.0588235294118,26.5294117647059,0.647058823529412,14.1176470588235,77.4117647058823,118.764705882353,27.5294117647059,18.5882352941176,10.6470588235294,3.05882352941176,1,0,0,0,1,2,23.3529411764706,31.3529411764706,517.941176470588,143,278.058823529412,599.411764705882,214.176470588235,151.058823529412,131.941176470588,86.7647058823529,59.0588235294118,58.0588235294118,35.3529411764706,49.4117647058824,82.4117647058823,189.764705882353,245.647058823529,234.058823529412,78,66,71.7647058823529,86.5294117647059,75.4705882352941,88.0588235294118,82.2941176470588,77.1764705882353,71,67,67.3529411764706,64.7058823529412,65,69.0588235294118,78.7647058823529,86.5294117647059,89.1764705882353,58.8058826222139,8.60000004487879,15.7941175909603,7.85294126061832,1.9588234985576,1.80588234172148,2.54705884877373,4.41176470588235,7.58235294678632,11.5235293893253,13.9823529299568,16.7235295912799,16.6823529636159,13.4294116637286,8.30588234172148,4.05882352941176,1.55294118208044,15.1705882689532,11.9470587337718,21.3823527167825,12.1588235742906,3.87647057982052,3.48235297203064,5.05882358551025,7.71176472832175,12.0117647507611,16.735294229844,19.2000000897576,22.5470590030446,22.4117644814884,18.305882173426,11.5058823192821,6.00000002804924,3.06470589076771,5.28235298044541,10.2117646722233,3.5294117787305,0.0705882376607727,0.105882356272024,0.0529411781360121,1.10000000280492,3.18823531094719,6.29411767510807,8.77647052091711,10.8999999551212,10.9823529860553,8.57058828017291,5.09999990463257,2.13529407276827,0.0647058846319423
"11","Joe Lake","JOE",3782.56739966966,54756,1302,-127.4710007,50.6563988,6.5808,"Joe Lake","0","28.0643449032078","1.28110006347749","63.4106826064177","2.65823949201955","354.13000419576","2493.31405763753","976.298120627617","278.650074063719","550.194695945876","14.1451412375523","0.00234391349125051","0","4.27347173457502e-05","0","69.5597501089094","14.1451412375523","2.76183673059841","2.7822931784039","29.1602939441503","60.9494983095564","29.1602939441503","2.91032143797303","2.81617687474054","0.537511790542036","0.786579683586224",8.10000004768372,94.8,0,42.9,0,0,42.9,0,0,0,0,0,5.8,37.1,0,0,0,0,0,70.0470008850098,4.3010000705719,34.22799949646,77.1020011901855,185.676995849609,27.4219999313354,20.2050001144409,19.239999961853,11.5739998817444,3.41400001049042,2.58400001525879,-0.618999996781349,2.33600001335144,8.88100032806397,25.8079998016357,35.3579998016357,29.475,28.3,23.3,17.7,5.1,0,0,0,0,0,2.1,11.2,28.8,13.7,0,23.3,80.2,117.2,449.2,390.3,409.9,331.7,251.2,181.1,122.9,113,173.3,290.5,376,452.4,839.8,417.1,992.8,1292.2,3541.9,540.1,0,0,0,0,0.1,3.2,5.4,8.3,7.4,0,0,0,7.4,17.1,0.1,0,24.5,26.3,22.2,32,74.1,158.3,210.4,283.6,294.2,224.9,130.1,48.7,23.4,403.7,788.3,264.7,72,1528.5,309.7,-15.0300001144409,87,247.4,155.3,34,523.8,10,16.2,32,50.3,72.9,81,88.7,77.7,49.3,25.7,12,8,31.9299997329712,214.9,2258.9,8.33000001907349,3.32000000476837,427.7,14.5199998855591,79.8,91,72.4,53.3,296.6,18.4,16.5,19.7,24,29,30,31,31,29,28.1,22.3,18.3,26.6,2,22.4,53.6,104.6,19.4,14.4,13,7.2,2,0.9,0,1,3,2.7,20.9,19.9,801.7,210.6,434.4,812,287.6,217.4,212.1,144.5,78,75.1,51.6,83.8,139.2,290.2,372.3,306.8,80,75.5,76,83,78.7,83.4,80.9,77.3,76,75,76,75.5,74.5,76.5,80.9,82.9,84.9,33.9700000762939,8.83000001907349,13.539999961853,7.22999992370606,3.61999998092651,3.6,3.91000001430511,4.83000001907349,6.97000002861023,9.87000007629394,12.0099998474121,14.1400001525879,14.5199998855591,12.4399998664856,8.6600001335144,5.49000005722046,3.32000000476837,11.1999998092651,11.8600001335144,17.4399997711182,10.8099999427795,6.03000001907349,5.96000003814697,6.70999994277954,8.13000016212463,10.6000000953674,13.6500000953674,15.6800001144409,18.039999961853,18.55,16.0800000190735,11.5299999237061,7.97000007629395,5.49000000953674,5.84000000953674,9.70000009536743,3.6599999666214,1.16000000238419,1.23000001907349,1.12000001072884,1.56000000238419,3.35999999046326,6.07999997138977,8.3,10.2800000190735,10.4599998474121,8.77999992370605,5.7699999332428,2.98000004291534,1.15000000596046
"9","Kidney Lake","KID",11022.1324573625,132162,1518,-127.3339996,50.6068993,8.8751,"Kidney Lake","0","32.2017092663881","1.12322468024424","29.3689643665261","5.78302604493871","505.015215169323","9862.32646852065","1139.33374974874","96.9460132956318","549.51076439906","11.9795182187812","0.00332693740760608","0","0.000123190827476454","0","61.8976816305793","11.9795182187812","3","0","15.9036306665899","73.7370917011726","15.9036306665899","1.74466097469093","3.35070636064075","0.517987577285945","0.831711744121635",9.77500009536743,81.125,0,69.125,2.625,0,71.75,0,0,0,0,2.625,17.25,44.5,7.375,0,0,0,0,58.4850001335144,1.28375001251698,28.2787499427795,64.0312495231628,152.078748703003,23.1887502670288,16.8450002670288,16.0837497711182,9.51499950885773,2.67750003933907,1.5387500077486,-1.2637500166893,1.00749998539686,6.88750004768372,21.6137502193451,29.9849998950958,24.0012500286102,24.25,19,14.125,4,0,0,0,0,0,2,9,23.5,11,0,18.5,67,96.5,431.25,369.375,387.625,307.875,227.75,157.25,105.875,97.625,157.875,270.125,358.125,429.625,786.375,360.625,923.5,1230.25,3300.625,634,0,0,0,0,1.625,4.375,7.75,11.75,9,0,0,0,9,23.75,1.625,0,34.25,33.375,30.875,43,91.125,180.375,228.875,301.625,317.375,241.875,147,58.875,31.875,447.625,847.75,314.625,96,1706,317.375,-13.3624999523163,88.75,256.5,159.75,34.25,539.25,10,17,32,52,75.625,83.75,92.25,80.5,50.375,26,12,8,32.7249994277954,236.375,1943.375,9,4.04999995231628,380.375,15.2000000476837,82.5,92,77.125,60.125,311.25,20.5,19,22,25.5,29.375,30,31,31,29,29,24,20.875,17.875,1,12.5,33.625,65.5,13,8.5,7.125,4,1,0,0,1,2,1.5,14.125,12,690,187.5,381.625,684.5,246.125,185.125,182,126.875,72.75,66.5,47.875,73,120,250.5,319.25,253.375,80.75,74.875,76.5,84,79,84.625,81.5,78.5,76,75,76,74.75,73.875,76.5,81,84.5,85.875,39.9749999046326,9.46249985694885,14.2125000953674,7.9750000834465,4.31250005960464,4.17499983310699,4.66249984502792,5.54999995231628,7.76250004768372,10.6125000715256,12.6125000715256,14.7999999523163,15.2000000476837,13.0375001430511,9.31249988079071,6.04999995231628,4.04999995231628,11.1500000953674,12.412499666214,18.2125000953674,11.5125000476837,6.59999990463257,6.40000009536743,7.30000019073486,8.69999980926514,11.3749997615814,14.5,16.412499666214,18.8374998569489,19.3749995231628,16.7000005245209,12.1749999523163,8.33749997615814,6.11249989271164,6.53749996423721,10.2250000238419,4.45000004768372,1.99999995529652,1.99999995529652,1.99999995529652,2.41249999403954,4.17499995231628,6.80000001192093,8.84999990463257,10.7874999046326,11.0500001907349,9.362499833107,6.43750005960464,3.80000004172325,1.99999995529652
"38","Lawson Lake","LAW",16670.675264218,217560,2198,-125.5749969,50.0359993,12.3766,"Lawson Lake","0","63.1392946982255","2.91429956393011","61.8115168787923","4.52002160901911","332.111201634793","16078.9255927064","707.705619782247","203.73976248681","881.128269865884","30.6402470970338","0.00274227279959803","0","0.000159153026829578","0","67.1658861448749","30.6402470970338","3.83647436801663","2.09281436294957","9.17117677300197","69.6994093018027","9.17117677300197","2.58234379982076","2.83255488715178","0.441174036397807","0.774504551207429",12.5222222010295,102.666666666667,0,184,33.8888888888889,0,217.888888888889,0,0,0,0,33.8888888888889,48.4444444444444,83.7777777777778,51.7777777777778,0,0,0,0,39.1488889058431,-10.5366668701172,15.45222208235,55.2222222222222,99.2888887193468,19.8788890838623,13.4699999491374,10.9299999872843,4.78222221798367,-0.258888890138931,-1.38999999894036,-5.31333324644301,-3.83222224977281,1.59222222699059,15.1500000423855,22.40555551317,21.8733334011502,43,31.6666666666667,19.1111111111111,4.22222222222222,0,0,0,0,0,2.55555555555556,17.1111111111111,42.4444444444444,20,0,23.3333333333333,117.111111111111,160.333333333333,499.555555555556,424,418.111111111111,310.333333333333,204.444444444444,126.666666666667,57.8888888888889,63,146.555555555556,299.777777777778,413.888888888889,500.555555555556,860.333333333333,247.555555555556,933,1424.22222222222,3465.22222222222,784.444444444444,0,0,0,0,2.77777777777778,8.55555555555556,20.7777777777778,23.8888888888889,10.7777777777778,0,1,0,11.7777777777778,53.4444444444444,2.77777777777778,0,68,15.1111111111111,14.8888888888889,33.3333333333333,90.7777777777778,207.666666666667,271.444444444444,366.555555555556,365,255.333333333333,122.777777777778,33.7777777777778,13.6666666666667,411.777777777778,1002.77777777778,331.777777777778,43.5555555555556,1789.88888888889,302.777777777778,-16.9666669633653,98.2222222222222,321.777777777778,182.333333333333,30.3333333333333,632.666666666667,8.22222222222222,15.5555555555556,32.5555555555556,57.8888888888889,91.6666666666667,103.666666666667,118.555555555556,99.6666666666667,59.7777777777778,27.6666666666667,10.7777777777778,6.66666666666667,34.6555557250977,199.888888888889,1490.11111111111,8.65555572509766,1.7777777645323,275.555555555556,16.7777775658502,77.1111111111111,91.7777777777778,71.1111111111111,44.6666666666667,284.555555555556,15.5555555555556,13.7777777777778,18.5555555555556,23.6666666666667,29,30,31,31,29,27.3333333333333,20.6666666666667,15.3333333333333,24.8888888888889,0.222222222222222,12.5555555555556,70,107.777777777778,25.2222222222222,16.7777777777778,9.33333333333333,2.66666666666667,1,0,0,0,1,2,21.5555555555556,28,502,137.888888888889,269.777777777778,580.444444444444,207.222222222222,146.666666666667,128.333333333333,83.6666666666667,57.6666666666667,55.6666666666667,34.4444444444444,47.8888888888889,80.2222222222222,184.111111111111,237.777777777778,226.444444444444,78,66,71.1111111111111,86,75,87.4444444444444,81.5555555555556,76.5555555555556,70.8888888888889,67,67.1111111111111,64.7777777777778,65,69.1111111111111,78.3333333333333,86,88.3333333333333,60.988889058431,8.6777778201633,15.8777778413561,7.95555570390489,2.133333351877,1.97777779897054,2.70000004768372,4.60000006357829,7.68888897365994,11.5888889100817,14.0666666030884,16.7777775658502,16.7444441053602,13.4777779049344,8.36666668785943,4.20000002119276,1.7777777645323,15.0444444020589,12.0444442960951,21.477778116862,12.2999999788072,4.13333336512248,3.73333332273695,5.3222221798367,7.95555554495917,12.1111112170749,16.8222221798367,19.2777775658502,22.6111111111111,22.488889058431,18.3555556403266,11.577777756585,6.23333326975505,3.36666663487752,5.31111118528578,10.2888887193468,3.59999998410543,0.155555562012725,0.200000004635917,0.11111111442248,1.19999998807907,3.266666703754,6.36666668785943,8.85555553436279,10.9777780108982,11.0111113654243,8.57777786254883,5.1111110051473,2.20000000794729,0.133333338631524
"22","Little Mud Lake","LMU",11151.6477371739,47422,992,-125.5500031,50.2061996,2.6392,"Little Mud Lake","0","55.0424895930937","3.26542557565647","48.4929373820658","3.33477780707329","291.360663881968","5213.50377026088","619.253327913179","217.143314976641","1041.69828291961","22.9690252765127","0.00259718440366583","0","0.000359967916002826","0","58.9571635950256","22.9690252765127","3.781667337368","2.22753303741184","19.612384515867","64.2684794083149","19.612384515867","4.38080162698103","2.66832098364747","0.439348231005755","0.756486669366939",10.5714285714286,97.5714285714286,0,137,15.5714285714286,0,152.571428571429,0,0,0,0,15.5714285714286,27.2857142857143,71.5714285714286,38.1428571428571,0,0,0,0,47.8914288112095,-5.76142869676862,22.0757143838065,64.2028568812779,128.408570425851,22.8914282662528,16.0214286531721,13.2600002288818,7.29285710198539,1.52428570815495,0.685714278902326,-4.07857152393886,-2.36714288166591,3.37714290618896,18.4914286477225,26.0214287894113,25.2885717664446,44.2857142857143,33.1428571428571,19.7142857142857,4.14285714285714,0,0,0,0,0,3,17.7142857142857,44.8571428571429,20.7142857142857,0,23.8571428571429,122,166.428571428571,503.857142857143,428.857142857143,421.857142857143,311,207.571428571429,130.285714285714,63.8571428571429,68.5714285714286,151.285714285714,304.428571428571,417.857142857143,506.714285714286,873.285714285714,262.571428571429,940,1439.28571428571,3515.28571428571,755.571428571429,0,0,0,0,2.57142857142857,8,18.2857142857143,21.2857142857143,10,0,1,0,11.1428571428571,47.4285714285714,2.57142857142857,0,61.2857142857143,14,13.5714285714286,31.2857142857143,90.2857142857143,204.714285714286,266.571428571429,357.714285714286,357.142857142857,249.857142857143,119,32.1428571428571,12.2857142857143,401.285714285714,981.571428571429,326.285714285714,39.7142857142857,1748.71428571429,305.285714285714,-16.599999836513,91.8571428571429,308.714285714286,174.142857142857,27.4285714285714,602.142857142857,7.42857142857143,14,30.5714285714286,55.5714285714286,87.8571428571429,99.8571428571429,113.285714285714,95.2857142857143,56.5714285714286,25.4285714285714,10,6,34.1428565979004,207.428571428571,1750.28571428571,8.48571423121861,1.55714285373688,337.571428571429,16.5142857687814,77.7142857142857,92,72.7142857142857,45.8571428571429,288.142857142857,16,14.2857142857143,19.1428571428571,24.4285714285714,29.1428571428571,30,31,31,29,28,20.8571428571429,15.5714285714286,29.5714285714286,1,15.8571428571429,85.7142857142857,131.857142857143,30.1428571428571,21.1428571428571,11.4285714285714,3.57142857142857,1,0,0,0,1.85714285714286,2.42857142857143,25.5714285714286,34.5714285714286,580.714285714286,172.142857142857,329.714285714286,667.428571428571,236.428571428571,171,150.285714285714,107.142857142857,72.4285714285714,73,41.5714285714286,57.5714285714286,93.4285714285714,214.428571428571,273,260,80,67.8571428571429,73.4285714285714,88,77,89.5714285714286,84.4285714285714,79,73,69,69,66.8571428571429,67,72,81.2857142857143,87.4285714285714,90.2857142857143,48.9428563799177,8.51428576878139,15.6571429116385,7.87142862592425,1.98571426527841,1.84285713945116,2.54285717010498,4.47142859867641,7.67142861230033,11.4857142312186,13.9000000272478,16.5,16.4857142312186,13.2857141494751,8.20000008174351,4.08571423803057,1.55714285373688,14.957142829895,11.542857170105,20.8857141222273,11.8714286259242,3.67142857824053,3.28571428571429,4.7571428843907,7.5,11.7571428843907,16.3714286259242,18.8000000544957,21.9857142312186,21.8571423121861,17.7285714830671,11.0142856325422,5.87142848968506,2.91428569384984,5.54285710198539,10.4000000272478,3.87142855780465,0.28571428997176,0.385714293590614,0.328571434531893,1.41428571087973,3.58571427209037,6.58571427209037,9,11.0571429388864,11.1571429116385,8.85714272090367,5.42857149669102,2.31428575515747,0.185714290610382
"18","Little Woss Lake","LWO",3681.76569213384,101568,1901,-126.6119995,50.1809006,9.0759,"Little Woss Lake","0","58.5412532606101","0","48.0178456490085","10.3752709093117","232.681142792736","16887.3558714517","1945.66820907238","187.122959283207","403.47150391616","25.7306954715319","0.00253985136717655","0","0","0","84.0526125332299","25.7306954715319","3","0","21.4242229652134","45.6007759112154","21.4242229652134","3.65264753975662","0","0.434911986976087","0.742402325231281",7.91818193955855,96.1818181818182,0,142.818181818182,18.8181818181818,0,161.636363636364,0,0,0,0,18.8181818181818,43.6363636363636,68.5454545454545,30.6363636363636,0,0,0,0,72.2945445667614,-6.19272726232355,36.0327269814231,87.642727244984,189.777274391868,32.2099999514493,23.4345456903631,21.5118181055242,13.2681817141446,1.25272725928913,-0.906363638964566,-3.6645454493436,-1.61909092556347,5.7881817817688,23.2999999306419,43.2063636779785,31.9945456764915,31.2727272727273,24.8181818181818,16.7272727272727,4.27272727272727,0,0,0,0,0,2,13,37.3636363636364,15.2727272727273,0,21.1818181818182,93.4545454545455,129.727272727273,461.727272727273,397,404.727272727273,310.545454545455,209,138.727272727273,71.1818181818182,71.7272727272727,138.454545454545,283,390.090909090909,484,811.272727272727,281.727272727273,924.363636363636,1342.81818181818,3360.18181818182,750.545454545455,0,0,0,0,2.63636363636364,6.72727272727273,15.6363636363636,19.9090909090909,12.1818181818182,0,1,0,13.1818181818182,42.1818181818182,2.63636363636364,0,57.8181818181818,24.9090909090909,22.7272727272727,38.0909090909091,90,202.818181818182,254.909090909091,347.727272727273,352.818181818182,264.818181818182,136.454545454545,43.5454545454545,16.6363636363636,445,955.636363636364,331,64.4545454545455,1795.90909090909,308.727272727273,-14.7454543547197,100.181818181818,309.727272727273,177.818181818182,32.4545454545455,620.272727272727,9,16.5454545454545,32.8181818181818,56.3636363636364,88.6363636363636,98.8181818181818,113.727272727273,97.2727272727273,60.9090909090909,27.8181818181818,11.6363636363636,7,34.5363637750799,212.545454545455,2390.72727272727,8.93636374040083,2.29999995231628,360.727272727273,16.3454546494917,79.2727272727273,91.2727272727273,73.5454545454545,51.0909090909091,295.181818181818,18.6363636363636,16.1818181818182,20.1818181818182,24.0909090909091,29,30,31,31,29,28,21.7272727272727,16.5454545454545,33.9090909090909,1,19.6363636363636,77.5454545454545,131.818181818182,26.1818181818182,18.4545454545455,13.3636363636364,5.72727272727273,1,0,0,0,2,2.09090909090909,30.1818181818182,32.7272727272727,839.818181818182,167.272727272727,472.545454545455,911.181818181818,333.363636363636,248.636363636364,235.363636363636,167.272727272727,69.8181818181818,55.2727272727273,45.1818181818182,66.6363636363636,123.545454545455,267.909090909091,448.454545454545,329.090909090909,77.3636363636364,67,72.3636363636364,85.1818181818182,75.3636363636364,86.3636363636364,81.1818181818182,77.1818181818182,72.1818181818182,68.1818181818182,69,65.9090909090909,65.9090909090909,68.6363636363636,79,84.5454545454545,88,45.3454551696777,9.22727264057506,15.3545455065641,8.03636373173107,3.04545452378013,3.18181824684143,3.67272728139704,5.01818184419112,7.68181818181818,11.4363637404008,13.5272727446123,16.1909088654952,16.3454546494917,13.7818180431019,8.90909099578857,4.9999998699535,2.29999995231628,14.0636365196922,12.6999998959628,20.7272723804821,12.2000000693581,5.17272728139704,5.13636363636364,6.41818180951205,8.34545447609641,11.8727272207087,16.3818185112693,18.4454546841708,21.7727270993319,21.9454548575661,18.7636363289573,12.0909091776068,7.21818187020042,4,5.7727273160761,9.99090914292769,3.87272724238309,0.936363648284565,1.25454543937336,0.963636387478222,1.67272727055983,3.49090909957886,6.47272716869007,8.60000012137673,10.6090908917514,10.7727271860296,8.80909078771418,5.7000000260093,2.79999999566512,0.581818189133297
"27","Lower Stella Lake","LST",3583.40578445384,375130,3832,-125.5429993,50.3103981,29.5122,"Lower Stella Lake","0","65.3472606884391","3.07058176227715","47.907041045265","5.8914635468544","413.672588288973","8712.20083023226","3432.25494871114","173.290509841909","755.491932886681","26.0730747902921","0.00281833574927822","0","0","0","67.3180268955494","26.0730747902921","3.90890322477661","2.43464193068424","18.7337934194653","65.4980464114083","18.7337934194653","3.42516653121509","2.3837762889759","0.509335128364081","0.804183000333069",9.45000004768372,90.9166666666667,0,92.25,0,0,92.25,0,0,0,0,0,7.66666666666667,60.4166666666667,24.1666666666667,0,0,0,0,54.2758331298828,-1.21249998609225,29.3375000953674,70.0250002543132,152.4266649882,24.8341666857402,17.4816665649414,15.7033332983653,10.3516667683919,3.28500002622604,2.6158332824707,-2.90583336353302,-0.922500009338061,5.07499992847443,20.6183333396912,28.583333492279,27.7108333905538,39.1666666666667,29.9166666666667,17.1666666666667,3.75,0,0,0,0,0,2.75,16.1666666666667,40.5,18.6666666666667,0,21.0833333333333,109.583333333333,149.583333333333,488.5,418.083333333333,407.833333333333,301.416666666667,202.083333333333,127.75,63.5,68.8333333333333,147,299.916666666667,408.25,494.75,855.083333333333,260.416666666667,911.25,1401.33333333333,3427.83333333333,771.25,0,0,0,0,3.08333333333333,8.41666666666667,18.4166666666667,21,10.5833333333333,0,1,0,12,47.9166666666667,3.08333333333333,0,62.9166666666667,17.6666666666667,16.4166666666667,37.25,97.3333333333333,210.583333333333,269.666666666667,358.166666666667,356.583333333333,254.916666666667,122.583333333333,35.8333333333333,14.6666666666667,413.333333333333,984.666666666667,344.75,48.75,1791.5,308.666666666667,-15.4750000635783,90.4166666666667,301.083333333333,172.916666666667,27.25,591.666666666667,7.16666666666667,13.8333333333333,31,55.25,86.9166666666667,97.9166666666667,109.916666666667,92.8333333333333,55.6666666666667,24.75,10,6,33.9333333969116,217.916666666667,1983.25,8.75,1.94166665275892,407.166666666667,16.5416668256124,79.0833333333333,92,75.5,49.5833333333333,295.916666666667,17.4166666666667,15.75,20.75,25.0833333333333,29.8333333333333,30,31,31,29,28,21.5833333333333,16.5,29.25,1,14.9166666666667,79.3333333333333,124.5,27.5,19.3333333333333,10.25,3.91666666666667,1,0,0,0,2,2.33333333333333,25.0833333333333,32.5833333333333,643.833333333333,208.916666666667,403.083333333333,727.583333333333,256.75,185.916666666667,175.833333333333,138.25,88.8333333333333,90.5,49.5833333333333,68.6666666666667,109,235.5,299.25,284.916666666667,81,69,74.1666666666667,88.3333333333333,78,89.8333333333333,85.0833333333333,79.3333333333333,74,70,70.1666666666667,68.25,68.8333333333333,72.9166666666667,82.25,87.8333333333333,89.9166666666667,40.625,8.75,15.6583332220713,8.19166660308838,2.39999999602636,2.32500000794729,2.93333335717519,4.90833334128062,7.99166679382324,11.7166666984558,14.0083334445953,16.5416668256124,16.4750000635783,13.4416666825612,8.34166665871938,4.39999997615814,1.94166665275892,14.5833335717519,11.6249998410543,20.6416668891907,12.0833334128062,4.04166668653488,3.74166665474574,5.04999999205271,7.88333340485891,11.9333332379659,16.4083334604899,18.7083330154419,21.6750000317891,21.5583335558573,17.7416664759318,11.0083335240682,6.17500003178914,3.3416666785876,5.84166669845581,10.6916665236155,4.32500004768372,0.741666672130426,0.900000008443991,0.81666666517655,1.93333332737287,4.02499999602636,7.00833332538605,9.3083332379659,11.3833332856496,11.375,9.16666666666667,5.70833333333333,2.64166667064031,0.541666678463419
"26","McCreight Lake","MCR",8944.61729283009,2820685,11929,-125.6429977,50.3011017,104.7338,"McCreight Lake","0","51.0265718865937","3.01505699257773","53.0936783053203","4.21984053171596","438.637339638358","3017.79439515429","2761.38453948248","166.631484747944","822.828545666628","24.492276675266","0.00191108038956756","3.72715844676316e-05","8.12426778488514e-07","3.72715844676316e-05","68.9724086351508","24.492276675266","3.41289022160959","2.08498603383905","18.0041014656074","50.7959889110652","18.0041014656074","3.89892292020653","3.11066872511339","0.479968868169644","0.784187540988132",9.48787866939198,93.030303030303,0,100.484848484848,5.72727272727273,0,106.212121212121,0,0,0,0,5.72727272727273,10.5151515151515,62.9393939393939,27.030303030303,0,0,0,0,54.5421213092226,-1.92969697527587,27.3003030834776,71.4481816147313,151.35969728412,25.3854545246471,17.8133332801588,15.2572727203369,9.4696968829993,2.57242424199075,2.37787878513336,-3.13666668082729,-1.16878788353819,5.2324242736354,20.6475757830071,28.6621212236809,28.2496969627612,39.4545454545455,30.0909090909091,17.3636363636364,3.78787878787879,0,0,0,0,0,2.60606060606061,15.7878787878788,40.0909090909091,18.6666666666667,0,21.3030303030303,109.727272727273,149.727272727273,488.636363636364,417.606060606061,407.242424242424,303.757575757576,203.363636363636,129.545454545455,66.6969696969697,73.0606060606061,150.151515151515,300.333333333333,405.969696969697,492.575757575758,856.454545454545,269.242424242424,914.30303030303,1398.87878787879,3438.84848484848,756.575757575758,0,0,0,0.242424242424242,3,8.33333333333333,17.5151515151515,19.5151515151515,10.2424242424242,0,1,0,11.5151515151515,45.2424242424242,3.24242424242424,0,59.9090909090909,17.6060606060606,16.5151515151515,37.6363636363636,95.6666666666667,209.636363636364,267.454545454545,354.090909090909,350.969696969697,251.151515151515,122.333333333333,36.9090909090909,15.3333333333333,410.454545454545,972.424242424242,343.030303030303,49.5151515151515,1775.42424242424,307.454545454545,-15.8454544760964,91.5151515151515,301.212121212121,175.363636363636,28.4545454545455,596.727272727273,7.84848484848485,14.4242424242424,32.2727272727273,55.4545454545455,87.4848484848485,98.3636363636364,110.393939393939,92.3939393939394,55.8787878787879,24.9393939393939,10.4545454545455,6.15151515151515,33.7060604673443,214.363636363636,1975.57575757576,8.70909089753122,2.0151514916709,394.212121212121,16.4151515671701,78.4545454545455,91.8181818181818,74.2424242424242,48.6666666666667,293.030303030303,17.0909090909091,15.4242424242424,19.9090909090909,24.9090909090909,29.5151515151515,30,31,31,29,27.969696969697,21.1515151515152,16.5151515151515,29.4242424242424,1,15.3636363636364,82.0606060606061,127.727272727273,28.7272727272727,20.2121212121212,10.6060606060606,4.09090909090909,1.09090909090909,0.0303030303030303,0,0.0909090909090909,2.09090909090909,2.72727272727273,24.8787878787879,32.9393939393939,647.666666666667,201.060606060606,383.909090909091,742.818181818182,262.575757575758,189.666666666667,172.30303030303,129.363636363636,82.4242424242424,88.0606060606061,47.4848484848485,65.5151515151515,110.757575757576,236,300.757575757576,290.575757575758,80.1515151515152,68.8181818181818,73.4242424242424,87.1818181818182,77.3939393939394,88.7878787878788,83.8181818181818,77.5454545454545,73.3636363636364,69.3333333333333,70.0909090909091,67.969696969697,68.6363636363636,72.3636363636364,81.7878787878788,86.3030303030303,89.1515151515152,41.6787879250266,8.72424239823312,15.5393938873753,8.15757578069513,2.43030303174799,2.3242424437494,2.95151513995546,4.93636366092797,7.90909086574208,11.6272728081905,13.942424138387,16.3939394517378,16.2969697027495,13.3303029898441,8.33333334778294,4.48787882111289,2.01818179542368,14.3909091371478,11.718181812402,20.5696968887791,12.1818182107174,4.2181818413012,3.89393942283862,5.2515151645198,8.19696974031853,11.9212121385517,16.4424241961855,18.6939396135735,21.612121293039,21.3999999075225,17.6818182396166,11.0545454603253,6.43939395384355,3.52121212988189,5.709090868632,10.5030302856908,4.13030301440846,0.62727273707137,0.745454540081096,0.639393951179403,1.66666666756977,3.89090909379901,6.83636369127216,9.166666840062,11.1727272958467,11.1969696969697,8.97272728428696,5.6212120923129,2.51515153321353,0.521212125817935
"24","McNair Lake","MCN",12187.128016946,198007,2826,-125.5770035,50.2258987,19.0768,"McNair Lake","0","47.7997136590378","2.98533994231678","51.4583594160952","3.42629198000322","406.175661512669","5499.61139429422","769.677158537784","231.896701640011","738.967132911108","21.6866691442444","0.00178002478391276","0","0.000320449103862933","0","70.161271109655","21.6866691442444","3.58920372832917","2.36006508220292","19.8094017262837","67.0900022932009","19.8094017262837","4.23993333069211","2.99196994088578","0.476854253345858","0.775266318154925",10.4222221374512,100,0,134.333333333333,15.3333333333333,0,149.666666666667,0,0,0,0,15.3333333333333,26.2222222222222,70.8888888888889,37.2222222222222,0,0,0,0,48.5855560302734,-5.54222218195597,22.3422220018175,65.0033348931207,130.388888888889,23.1466666327582,16.1488886939155,13.4566666285197,7.32555558946398,1.55999999576145,0.765555553966098,-4.00333335664537,-2.30333336194356,3.40666667620341,18.852222442627,26.3233335283067,25.7099997202555,45.7777777777778,34.5555555555556,20.3333333333333,4.22222222222222,0,0,0,0,0,3,18.5555555555556,46.2222222222222,21.6666666666667,0,24.7777777777778,126.555555555556,173.111111111111,507.888888888889,433.888888888889,425.444444444444,315.222222222222,211.777777777778,133.222222222222,66.6666666666667,70.3333333333333,152.555555555556,307.888888888889,422,511.111111111111,882.444444444444,270.444444444444,952.666666666667,1452.77777777778,3558.33333333333,738.333333333333,0,0,0,0,2.22222222222222,7.55555555555556,17.1111111111111,20.2222222222222,9.77777777777778,0,1,0,11.2222222222222,45,2.22222222222222,0,58.2222222222222,13.2222222222222,12.1111111111111,29.8888888888889,87.1111111111111,199.666666666667,262.777777777778,353.666666666667,354.555555555556,248.222222222222,116.111111111111,30.4444444444444,11.4444444444444,395,970.888888888889,316.666666666667,36.5555555555556,1718.88888888889,304.333333333333,-16.9111107720269,91.3333333333333,307.444444444444,173.555555555556,27.1111111111111,599.444444444444,7.33333333333333,13.7777777777778,30.6666666666667,55.3333333333333,87.5555555555556,99.5555555555556,112.888888888889,95,56.4444444444444,25,9.77777777777778,6,34.0777765909831,204.111111111111,1766.44444444444,8.37777773539225,1.4111111164093,339,16.4222219255235,77.1111111111111,91.8888888888889,71.8888888888889,44.4444444444444,285.111111111111,15.5555555555556,14,19,24.1111111111111,29,30,31,31,29,27.8888888888889,20.3333333333333,15.1111111111111,31.5555555555556,1,17.4444444444444,91.7777777777778,141.444444444444,31.8888888888889,22.7777777777778,12.7777777777778,3.88888888888889,1,0,0,0,2,2.77777777777778,27.4444444444444,37,586.888888888889,173.111111111111,331.222222222222,674.888888888889,239,171.666666666667,152.111111111111,106.888888888889,72.3333333333333,73.2222222222222,42,58,93.5555555555556,217.555555555556,275.777777777778,264,80.2222222222222,68,73.2222222222222,88,77.2222222222222,89.3333333333333,84.1111111111111,78.4444444444444,73,69,69,66.3333333333333,67.1111111111111,72,81.3333333333333,87.3333333333333,90.1111111111111,48.4333330790202,8.42222224341499,15.5222222010295,7.72222216924032,1.81111109256744,1.71111110846202,2.36666666136848,4.3222221798367,7.52222230699327,11.3111112382677,13.7777778837416,16.366666369968,16.4222219255235,13.233333269755,8.11111127005683,3.94444441795349,1.4111111164093,14.9888889524672,11.4222221374512,20.7666666242811,11.7555555767483,3.52222220102946,3.16666666666667,4.60000001059638,7.42222224341498,11.6111111111111,16.1777778201633,18.65555551317,21.866666369968,21.7444443172879,17.6555557250977,10.8666666878594,5.73333332273695,2.77777775128682,5.43333339691162,10.2888889312744,3.69999999470181,0.133333335320155,0.222222224705749,0.111111112766796,1.24444446298811,3.42222226990594,6.41111108991835,8.87777773539225,10.9222221374512,11.0666667090522,8.79999997880724,5.33333338631524,2.15555555290646,0.0444444467624029
"34","Merrill Lake","MER",14067.0417675002,749981,4097,-125.5630035,50.0614014,35.4847,"Merrill Lake","0","65.5729538336836","2.1361661829293","70.2151294590719","3.66476283229354","393.8077473274","13529.385731715","1490.60915638696","284.111241056997","1322.11498994267","28.9103611975535","0.00233139532949349","0","8.59912905710543e-06","0","66.8372806628434","28.9103611975535","3.31763089357999","2.01297432261235","6.71340691469848","70.9623465177296","6.71340691469848","1.85540220444842","3.00982916002877","0.474390201412718","0.779615900336486",11.6714286123003,106.071428571429,0,169.285714285714,28.2857142857143,0,197.571428571429,0,0,0,0,28.2857142857143,41.2857142857143,80.2142857142857,47.7857142857143,0,0,0,0,41.8728572300502,-9.19857154573713,17.6371427263532,58.2600002288818,108.574286324637,20.9257142203195,14.3235714094979,11.8071428026472,5.56142854690552,0.269285714519875,-0.744285706962858,-4.98571426527841,-3.465714267322,2.0628571340016,16.1428571428571,23.667857170105,23.0100000926426,48.5714285714286,36,22.1428571428571,4.57142857142857,0,0,0,0,0,3,19.7142857142857,48.6428571428571,22.6428571428571,0,27,133.071428571429,182.857142857143,515.142857142857,438,434.857142857143,321.214285714286,212.142857142857,133.642857142857,63.3571428571429,68,151.071428571429,306.928571428571,427.5,517.642857142857,885.357142857143,265,968.071428571429,1471,3589.71428571429,745.5,0,0,0,0,2.07142857142857,7.5,18.5,21.4285714285714,10.0714285714286,0,1,0,11.1428571428571,47.2857142857143,2.07142857142857,0,60.7142857142857,11.8571428571429,11.1428571428571,26.5714285714286,82.9285714285714,199.357142857143,262.071428571429,358.5,358.142857142857,250.285714285714,117,28.6428571428571,10.2142857142857,395.857142857143,978.571428571429,308.857142857143,33.0714285714286,1716.64285714286,301.071428571429,-17.6642857960292,95.7142857142857,317.571428571429,178.071428571429,28.3571428571429,619.714285714286,7.64285714285714,14.3571428571429,31,56.9285714285714,90.1428571428571,102.285714285714,116.857142857143,98.4285714285714,59,27,10,6,34.4428571973528,195.142857142857,1567.57142857143,8.2785712650844,1.21428571428571,293.857142857143,16.5571430751256,76.2857142857143,91.2142857142857,69.2142857142857,41.7142857142857,278.714285714286,14.7142857142857,13,17.5,22.8571428571429,29,30,31,31,29,27,19.7857142857143,14.2857142857143,30.0714285714286,1,17.5714285714286,89.3571428571429,137.714285714286,31.4285714285714,21.7857142857143,13.1428571428571,3.57142857142857,1,0,0,0,1,2.14285714285714,26.3571428571429,36.1428571428571,525.214285714286,148.285714285714,286.928571428571,607.285714285714,216.642857142857,153.571428571429,134.928571428571,89.8571428571429,61.8571428571429,60.9285714285714,36.7857142857143,50.7142857142857,83.7142857142857,192.714285714286,249,236.928571428571,78.8571428571429,66,72,86.9285714285714,76,88.5714285714286,82.8571428571429,77.8571428571429,71,67,67.7142857142857,64.8571428571429,65.2142857142857,69.7857142857143,79.0714285714286,87.2142857142857,89.3571428571429,56.3142858232771,8.39285721097674,15.5999999727522,7.56428572109767,1.62142855780465,1.46428570577077,2.19999997956412,4.04285713604518,7.31428572109767,11.2785712650844,13.7714284488133,16.5357144219535,16.5428573063442,13.3071428026472,8.12857157843453,3.7500000340598,1.21428571428571,15.3571427209037,11.6142856052944,21.150000163487,11.8142856870379,3.44285711220333,3.05714288779667,4.62857147625514,7.2499999659402,11.7000000817435,16.4785713468279,18.9071427753993,22.3071430751256,22.207142829895,18.0714287076678,11.2357143674578,5.56428572109767,2.65714286054884,5.17142854418073,10.0642857551575,3.30714287076678,-0.192857145730938,-0.135714287736586,-0.207142859697342,0.835714284862791,2.95714284692492,6.12142859186445,8.58571434020996,10.7571426800319,10.8428570202419,8.52857160568237,5.0071428503309,1.92857139451163,-0.235714289758887
"43","Mohun Lake","MOH",6922.89313129986,6289959,34974,-125.4990005,50.1171989,59.7326,"Mohun Lake","1","61.9440155549702","2.63267752827244","56.4428443921949","2.65932431724494","278.414211921515","10365.2075941046","1085.38370739078","250.724025299527","846.540456862163","25.2793365907983","0.00194164272206384","0","7.95019186560684e-05","0","63.1219277472826","25.2793365907983","3.58573264646729","1.89533429972258","13.3060012533107","59.5130112715499","13.3060012533107","3.01668368266682","2.89129639125789","0.420601319151096","0.754166931135604",11.3306451151448,101.225806451613,0,151.709677419355,21.5322580645161,0,173.241935483871,0,0,0,0,21.5322580645161,32.8064516129032,75.8870967741936,43.0161290322581,0,0,0,0,43.6838708077708,-7.35854839509533,19.6251611094321,59.4935487316501,115.444193563154,21.3920968271071,14.6620967618881,12.470483902962,6.20774193732969,0.947741936291418,0.12258064626686,-4.53241937006674,-2.94822582121818,2.81854838325131,16.6140322531423,24.2509676717943,23.4377419871669,44.6935483870968,33.5806451612903,20.4354838709677,4.12903225806452,0,0,0,0,0,2.95161290322581,17.9838709677419,45.5,20.8225806451613,0,24.7903225806452,123.870967741935,169.532258064516,505.016129032258,430.725806451613,426.048387096774,313.790322580645,207.854838709677,129.758064516129,60.9838709677419,65.9677419354839,150.129032258065,303.193548387097,418.596774193548,509.177419354839,871.887096774194,256.645161290323,947.564516129032,1445.08064516129,3521.16129032258,764.209677419355,0,0,0,0,2.5,8.12903225806452,19.5483870967742,22.3548387096774,10.1935483870968,0,1,0,11.3870967741935,50.0645161290323,2.5,0,63.9677419354839,13.9838709677419,13.0806451612903,29.8709677419355,88.2903225806452,204.306451612903,267.241935483871,361.790322580645,360.91935483871,251.258064516129,119.967741935484,31.8870967741935,11.8387096774194,403,990.048387096774,322.435483870968,38.8709677419355,1754.46774193548,303.435483870968,-17.0112904271772,94.5322580645161,314.967741935484,177.241935483871,28.3387096774194,615.048387096774,7.91935483870968,14.5322580645161,31.3709677419355,56.5483870967742,89.3709677419355,101.629032258065,115.741935483871,97.5645161290323,57.8870967741936,26.5322580645161,10.0322580645161,6.03225806451613,34.4096775054932,202.161290322581,1633.35483870968,8.49032254372874,1.47580646122656,320.661290322581,16.6564516252087,77.241935483871,91.8387096774194,71.2903225806452,44.2903225806452,284.241935483871,15.4516129032258,13.6935483870968,18.3064516129032,23.7258064516129,29,30,31,31,29,27.6290322580645,20.5,15.1290322580645,27.9354838709677,1,16.0967741935484,81.8064516129032,126.451612903226,28.7258064516129,19.9516129032258,11.8870967741935,3.40322580645161,1,0,0,0,1.33870967741935,2.12903225806452,24.2258064516129,33.1129032258064,542.177419354839,163.241935483871,307.032258064516,620.790322580645,221.903225806452,157.435483870968,142.451612903226,96.6774193548387,67.8548387096774,68.758064516129,39.9193548387097,54.5161290322581,89.5,197.193548387097,255.435483870968,241.548387096774,79.1935483870968,66.6774193548387,72.4516129032258,87.0967741935484,76.3064516129032,88.5483870967742,83.1451612903226,77.8870967741936,71.6935483870968,67.9354838709677,68.241935483871,65.5967741935484,66.2096774193548,70.8225806451613,79.8548387096774,87,89.6612903225806,51.9983870598578,8.54193545926002,15.7290321780789,7.790322596027,1.90967739205207,1.78387096043556,2.4709677503955,4.32096775885551,7.57096777423736,11.4725806020921,13.9306451274503,16.6467741997011,16.6258064700711,13.3290322211481,8.25161290937854,4.06290321580825,1.47580646122656,15.1741935668453,11.698387053705,21.1451612287952,11.9548385681645,3.7258064516129,3.39193546772003,4.85322579260795,7.52741937483511,11.8274194040606,16.4951613949191,18.9854839694115,22.2822579106977,22.1596773516747,17.9387098127796,11.2580644853653,5.90483870813924,2.92258063054854,5.37903230421005,10.3274192963877,3.63387095928192,0.103225810152869,0.180645164342657,0.0887096807841332,1.11612902725897,3.32903225191178,6.45161288015304,8.86290328733383,11.0145161074977,11.074193539158,8.71451620901785,5.24354841632228,2.20967742896849,0.0403225820872091
"19","Muchalat Lake","MUC",18103.9236028406,5490818,16427,-126.1959991,49.8744011,272.6992,"Muchalat Lake","0","43.4599322388225","2.25235106149519","32.664849534796","10.1696377457009","379.729009255013","15398.6020992654","3578.231196965","334.229747382249","407.497285278813","23.337788543842","0.0022637350939355","0","0","0","140.640757043238","23.337788543842","3.06998031134622","2.46430744428001","21.2975467735972","45.134524013136","21.2975467735972","2.97519546944808","3.29300483068015","0.40844105443564","0.699454902237081",6.34255321989668,112.978723404255,0,113.595744680851,2.02127659574468,0,115.617021276596,0,0,0,0,2.02127659574468,25.5531914893617,66.5957446808511,21.4468085106383,0,0,0,0,88.5838298391789,-3.80914892842795,45.1846809387207,108.914042209057,238.873190047893,40.182340337875,28.3197872892339,26.1942553824567,15.1500000040582,3.83914892216946,0.830425533049918,-3.69936171491095,-0.941276597889497,8.42212774398479,31.782978869499,48.3785104954496,40.4106382816396,45.4042553191489,34.7021276595745,24.1276595744681,5.70212765957447,0.170212765957447,0,0,0,0,2.93617021276596,20.2978723404255,50.1063829787234,23.5531914893617,0,30.063829787234,130.063829787234,183.893617021277,506.255319148936,432.297872340426,439.595744680851,333.170212765957,226,141.340425531915,64.8936170212766,69.2765957446808,140.276595744681,307.659574468085,428.489361702128,520.255319148936,876.531914893617,275.531914893617,998.744680851064,1458.87234042553,3609.6170212766,738.872340425532,0,0,0,0,1.53191489361702,7.14893617021277,19.2553191489362,21.936170212766,11.9148936170213,0,0.361702127659574,0,12.2765957446809,48.3617021276596,1.53191489361702,0,62.1276595744681,13.7021276595745,13.3191489361702,25.8723404255319,76.1489361702128,185.255319148936,254.404255319149,357.489361702128,356.723404255319,262.468085106383,117.106382978723,28.4893617021277,9.70212765957447,408.085106382979,968.531914893617,287.404255319149,36.6595744680851,1700.72340425532,300.106382978723,-17.6021275621779,101.659574468085,324.468085106383,180.063829787234,30.2127659574468,636.31914893617,8.42553191489362,15.6382978723404,32.2978723404255,57.4468085106383,90.4255319148936,103.042553191489,120,101.425531914894,62.8936170212766,28.1702127659574,10.9148936170213,6,34.6808512261573,187.085106382979,2889.85106382979,8.24255316308204,1.12553191945908,461.446808510638,16.512766046727,74.8723404255319,91.0425531914894,65.531914893617,41.0851063829787,272.851063829787,14.7234042553191,12.5957446808511,16.1489361702128,21.4042553191489,28.1063829787234,29.6808510638298,31,31,29,26.7446808510638,19.2127659574468,13.531914893617,61.6595744680851,1.14893617021277,49.063829787234,162,273.808510638298,54.5957446808511,40.8936170212766,35.6382978723404,11.468085106383,1.95744680851064,0.212765957446809,0,0.297872340425532,2.31914893617021,4.87234042553191,54.5744680851064,66.5106382978723,1000.89361702128,210.702127659574,562.042553191489,1116.10638297872,410.276595744681,294.829787234043,279.617021276596,185.276595744681,97.2127659574468,77.4255319148936,53.4255319148936,79.8936170212766,153.404255319149,350.595744680851,496.702127659574,411.106382978723,76.7872340425532,64.5744680851064,70.4893617021277,85.1702127659574,74.2127659574468,86.6382978723404,80.4893617021277,75.9148936170213,69.7021276595745,65.8510638297872,66.6808510638298,63.1489361702128,63.7021276595745,67.1914893617021,77.531914893617,85.5957446808511,88.1914893617021,36.0425529074162,8.50425535567263,15.5000000202909,7.2021277204473,1.76382978038585,1.7489361642523,2.4148936233622,3.89361702634933,6.92978726042078,10.8085106585888,13.485106346455,16.5106383790361,16.4851065493645,13.706383035538,8.10851067685066,3.72765955011895,1.12553191945908,15.3872340790769,12.0574468044525,21.289361710244,11.663829722303,3.82553187329718,3.59999999594181,5.14042549944938,7.36382980549589,11.4787233839644,16.1553191124125,18.8042554246618,22.5851064641425,22.4680850658011,18.9468085512202,11.4638297507103,5.77446808713548,2.73829784291856,4.9617021540378,9.70638303553804,2.74893618390915,-0.302127657577078,-0.106382978247835,-0.319148932999753,0.417021281224616,2.36170212892776,5.45744679836517,8.15957447823058,10.4382979413296,10.5021276879818,8.48085119369182,4.74468081048194,1.6744680783533,-0.485106384024975
"31","Mud Lake","MUD",10784.1210449813,368869,4541,-125.5550003,50.1969986,34.1927,"Mud Lake","0","45.8237056848581","3.16751017720054","44.9380318008761","4.48091494424464","319.37468858475","4455.4633697751","870.5390647938","253.880340126284","1043.36493545337","20.1612649491711","0.00355382528855154","0","0.000170402929341284","0","52.7816727929124","20.1612649491711","3.35974744040401","2.0517925718209","18.3533251043317","66.9240030022897","18.3533251043317","3.62454416692614","3.06247331484825","0.460477289621268","0.776345983321409",10.5571428707668,99.9285714285714,0,137.928571428571,16.2142857142857,0,154.142857142857,0,0,0,0,16.2142857142857,27.8571428571429,71.9285714285714,38.1428571428571,0,0,0,0,47.6014289855957,-5.92071437835693,21.902857371739,63.9171425955636,127.49999836513,22.8000000544957,15.914999961853,13.2435714857919,7.20928580420358,1.45142857517515,0.616428564701762,-4.12571428503309,-2.41142858777727,3.30000002043588,18.3557142530169,25.9442858014788,25.2028572899955,45.9285714285714,34.5,20.5,4.28571428571429,0,0,0,0,0,3.07142857142857,18.5714285714286,46.2857142857143,21.6428571428571,0,24.9285714285714,126.642857142857,173.142857142857,508.285714285714,433.571428571429,426.357142857143,315.214285714286,210.5,132.571428571429,65.5714285714286,69.5714285714286,152.785714285714,307.285714285714,421.714285714286,510.857142857143,881.857142857143,267.642857142857,952,1452.85714285714,3554.35714285714,743.571428571429,0,0,0,0,2.28571428571429,7.57142857142857,17.6428571428571,20.7142857142857,9.78571428571429,0,1,0,10.9285714285714,46.0714285714286,2.28571428571429,0,59.5,13.0714285714286,12.2142857142857,29.5,87.1428571428571,201.142857142857,263.5,355.714285714286,355.785714285714,248.214285714286,116.642857142857,30.5714285714286,11.4285714285714,395.5,974.785714285714,317.785714285714,36.6428571428571,1724.85714285714,304.071428571429,-16.9214284079415,91.7142857142857,309.214285714286,173.928571428571,27.1428571428571,601.928571428571,7.21428571428571,14,30.5714285714286,55.5714285714286,87.8571428571429,99.7857142857143,113.642857142857,95.6428571428571,56.6428571428571,25.3571428571429,9.92857142857143,6.07142857142857,34.1285713740758,204.214285714286,1739.92857142857,8.37857137407575,1.42142856972558,335.428571428571,16.457142829895,77.2142857142857,91.8571428571429,71.8571428571429,44.6428571428571,285.142857142857,15.5714285714286,13.7857142857143,18.6428571428571,24.0714285714286,28.9285714285714,30,31,31,29,27.8571428571429,20.3571428571429,15.2857142857143,31.0714285714286,1,17.2857142857143,90.5,139.5,31.6428571428571,22.6428571428571,12.5714285714286,3.92857142857143,1.07142857142857,0,0,0,1.71428571428571,2.64285714285714,26.7857142857143,36.2857142857143,577.5,171.214285714286,327.142857142857,663.928571428571,235.357142857143,169.571428571429,149.785714285714,105.857142857143,71.5714285714286,72.2857142857143,41.4285714285714,57.5,92.7142857142857,213.071428571429,272,258.857142857143,80,67.3571428571429,73,87.9285714285714,77,89.6428571428571,84.0714285714286,78.8571428571429,72.7142857142857,68.5,69,66.2142857142857,67,72,81.2142857142857,87.5,90.1428571428571,49.099999836513,8.42857153075082,15.5642856870379,7.73571426527841,1.82142856291362,1.68571429593222,2.3642857330186,4.30714285373688,7.51428573472159,11.3499999727522,13.7857142857143,16.4357142448425,16.4499999455043,13.2428571156093,8.09285725866045,3.96428566319602,1.42142856972558,15.0428571019854,11.4428571292332,20.8428570883615,11.7571428843907,3.52142856802259,3.15000002724784,4.61428574153355,7.38571429252625,11.6499998228891,16.2714284488133,18.7428568431309,21.9428571973528,21.8428569521223,17.6785714285714,10.9214285441807,5.73571423121861,2.79285713604518,5.40714291163853,10.2928571019854,3.70714288098472,0.128571432083845,0.21428571747882,0.13571428826877,1.23571430146694,3.40714287757874,6.44285712923322,8.87142855780465,10.9500001498631,11.0785714558193,8.7857141494751,5.30714290482657,2.19285715477807,0.042857145092317
"29","Muskeg Lake","MSK",12087.2137227873,113751,2073,-125.5770035,50.1988983,4.9001,"Muskeg Lake","0","62.2298943647678","3.00901902723474","54.6824058526595","5.10544486468075","249.816336122868","3180.75082183161","632.372728676295","221.771905070683","990.915419440873","25.9680381911335","0.00201341653364585","0","0.000229380550432155","0","66.7488625275616","25.9680381911335","3.79211340024862","2.05426366649006","10.9902520357759","72.9183373829777","10.9902520357759","3.25638567544168","2.68419804142495","0.446256388145134","0.784890896194079",10.7000001271566,98.3333333333333,0,141.555555555556,18.6666666666667,0,160.222222222222,0,0,0,0,18.6666666666667,29.5555555555556,73,39,0,0,0,0,47.30999967787,-6.22999996609158,21.1200002034505,63.8611115349664,126.065555148655,22.7600000169542,15.8311111662123,13.1166665818956,6.75555552376641,1.248888903194,0.437777777512868,-4.17888890372382,-2.4877777894338,3.09777771102058,18.3299999237061,25.883333630032,25.2711109585232,44,32.8888888888889,19.5555555555556,4,0,0,0,0,0,3,17.8888888888889,44.6666666666667,20.5555555555556,0,23.5555555555556,121.666666666667,165.666666666667,502.888888888889,428.111111111111,420.777777777778,309.444444444444,206.666666666667,129.222222222222,62.8888888888889,67.7777777777778,149.555555555556,302.666666666667,417.444444444444,506.777777777778,869.777777777778,260,937,1438.22222222222,3504.66666666667,761.666666666667,0,0,0,0,2.55555555555556,8.44444444444444,18.7777777777778,21.4444444444444,10.3333333333333,0,1,0,11.4444444444444,48.1111111111111,2.55555555555556,0,62.3333333333333,14.3333333333333,13.5555555555556,31.8888888888889,91.2222222222222,205.666666666667,268.111111111111,358.888888888889,358.111111111111,251.777777777778,120.333333333333,32.2222222222222,12.2222222222222,404.444444444444,985.333333333333,328.555555555556,40,1758.44444444444,305,-16.5555555555556,93,310.888888888889,175.888888888889,27.5555555555556,606.888888888889,7.44444444444444,14,31.2222222222222,56.1111111111111,88.5555555555556,100.555555555556,114.111111111111,96,57.3333333333333,25.7777777777778,10,6,34.1888893975152,206.777777777778,1731.44444444444,8.55555534362793,1.54444444179535,331,16.5777780744765,77.5555555555556,92,72.8888888888889,45.7777777777778,287.777777777778,16.2222222222222,14.4444444444444,19.2222222222222,24.4444444444444,29,30,31,31,29,28,20.5555555555556,15.5555555555556,29.1111111111111,1,15.3333333333333,85.1111111111111,130.222222222222,29.7777777777778,20.6666666666667,11.3333333333333,3.44444444444444,1,0,0,0,1.44444444444444,2.33333333333333,25.4444444444444,34.6666666666667,576.444444444444,169.222222222222,321.555555555556,664.222222222222,235.333333333333,169,149.111111111111,102.333333333333,70.1111111111111,71,41.6666666666667,56.7777777777778,91.2222222222222,213.333333333333,271.666666666667,259.777777777778,80,67.1111111111111,73,88,77,89.4444444444444,84,78.4444444444444,72.4444444444444,68.1111111111111,69,66,67,71.3333333333333,81,87.4444444444444,90.4444444444444,50.0666664971246,8.56666649712457,15.7000002331204,7.90000009536743,1.99999998675452,1.84444442060259,2.5555555290646,4.5,7.70000002119276,11.5,13.9444445504083,16.5444446139865,16.5444446139865,13.3444443808662,8.25555547078451,4.10000006357829,1.54444444179535,14.9888888465034,11.6222222646077,20.9888888465034,11.9777776930067,3.6777778201633,3.3222221798367,4.8222222328186,7.62222231758965,11.8666666878594,16.4666665395101,18.9111107720269,22.0888892279731,21.9444442325168,17.8555556403266,11.1222222646077,5.88888883590698,2.92222221692403,5.5,10.3888888888889,3.83333335982429,0.288888892365826,0.388888897167312,0.300000002814664,1.34444446033902,3.58888891008165,6.58888891008165,8.98888895246718,11.0333332485623,11.1444444656372,8.85555542839898,5.40000009536743,2.28888893127441,0.188888893359237
"12","Nimpkish Lake","NIM",14148.9187662718,38187045,57285,-126.9749985,50.4104004,249.6459,"Nimpkish Lake","0","56.5072905586516","1.11159556556044","50.0290750998276","12.4840209704505","271.534463937105","32300.2850651786","1402.00696465101","101.786656664994","176.247240707511","28.184202900243","0.00109879922475041","0","0.000233671076052706","0","133.785438629034","28.184202900243","3.09023856763739","1.87531235493266","14.3052942880703","31.1806532644376","14.3052942880703","3.73051805024972","2.01868474890733","0.319366379928959","0.601798365449938",9.01197603362763,80.5988023952096,0,87.8323353293413,1.22754491017964,0,89.059880239521,0,0,0,0,1.22754491017964,18.5389221556886,52.8802395209581,16.4131736526946,0,0,0,0,64.0792814700189,-0.449041913849062,35.3491616962913,72.6791617570523,171.658442788495,25.6664670041935,19.8173652808823,19.4637126408651,12.3001197655044,3.58592813743089,1.48778443502452,-2.05497005456936,0.117784433133766,7.36868261862658,20.0583233176591,36.6526348319596,27.1956886017394,24.940119760479,20.437125748503,14.8263473053892,3.59281437125748,0.0239520958083832,0,0,0,0,1.65868263473054,9.73053892215569,26.3413173652695,11.748502994012,0,18.7305389221557,71.6526946107784,102.125748502994,433.131736526946,374.850299401198,389.215568862275,298.383233532934,214.413173652695,152.383233532934,89.0059880239521,82.4191616766467,147.88622754491,266.341317365269,362.574850299401,440.197604790419,776.790419161677,323.766467065868,902.065868263473,1248.20359281437,3250.83832335329,703.790419161677,0,0,0,0.544910179640719,2.37724550898204,5.16766467065868,10.9940119760479,16.3473053892216,10.6287425149701,0.0718562874251497,0,0,10.7005988023952,32.4850299401198,3.04191616766467,0,46.2395209580838,34.0359281437126,30.0898203592814,44.251497005988,99.059880239521,196.946107784431,237.664670658683,325.25748502994,337.904191616766,253.706586826347,150.437125748503,57.622754491018,29.2874251497006,461.826347305389,900.784431137725,340.22754491018,93.5089820359281,1796.37125748503,317.928143712575,-12.9742514616001,91.9281437125749,274.898203592814,166.940119760479,33.5748502994012,567.275449101796,9.62275449101796,16.4191616766467,31.3532934131737,54.4670658682635,81.1796407185629,87.0419161676647,100.209580838323,87.5988023952096,53.2275449101796,26.9341317365269,11.6946107784431,7.76646706586826,33.7419161082742,237.389221556886,2164.94011976048,9.18143714973313,3.70299397257274,403.239520958084,15.8754491120755,82.3712574850299,91.7904191616767,77.562874251497,59.4071856287425,310.838323353293,20.8502994011976,18.6047904191617,22.5089820359281,25.497005988024,29.6766467065868,29.9281437125749,31,31,29.2754491017964,28.814371257485,24.059880239521,19.9221556886228,22.9221556886228,1.09580838323353,16.6347305389222,45.0718562874251,85.7425149700599,15.7125748502994,12.2095808383234,10.7125748502994,4.76047904191617,1.25149700598802,0.0958083832335329,0,0.383233532934132,2.19760479041916,1.34131736526946,19.4251497005988,17.0718562874251,749.670658682635,188.14371257485,458.718562874252,768.51497005988,270.119760479042,214.095808383234,214.910179640719,157.329341317365,86.4431137724551,68.6467065868263,47.3473053892216,72.1616766467066,128.712574850299,235.808383233533,385.125748502994,284.293413173653,80.1796407185629,72.2634730538922,75.6407185628743,84.9760479041916,78.1497005988024,85.9101796407186,82.1916167664671,79.6586826347305,74.5748502994012,72.5089820359281,74.5149700598802,71.5269461077844,70.7544910179641,74.8562874251497,80.5868263473054,85.0778443113772,86.2335329341317,39.7904190817279,9.5886226985269,14.7598802143942,8.27964071171012,4.10239516332478,4.12634726912675,4.46646706786698,5.51017964243175,8.08562881789522,11.2137724596583,12.9311377245509,15.4700599259245,15.8742515027166,13.418562906231,9.4257485138442,5.93233534675872,3.70299397257274,12.1592814622525,12.6101795584856,19.1736526260833,11.9437125828452,6.27784437476518,6.1449101328136,7.03832332531135,8.44910173930094,11.9131736698265,15.4652694428038,16.9077844962388,20.0299401311817,20.585029933267,17.365269443946,12.365269443946,8.0928144911806,5.65688617929013,6.57544912121253,10.3491017118899,4.59700595975636,1.93233535550312,2.10479040974807,1.90479044245924,2.57365269245145,4.26347304818159,6.96047908531691,8.95568861361749,10.9053892204148,11.1724550795412,9.47065872774867,6.49820364306787,3.75988021082507,1.76586825347054
"41","Ormond Lake","ORM",8194.42783532066,53538,1043,-125.526001,50.1803017,10.553,"Ormond Lake","0","57.4145144001251","2.68988422025242","51.9355998442995","5.34211294474237","261.566739813102","6072.17454835547","980.959226982853","271.381776778981","956.272400770698","21.6116412443911","0.00257608258435315","0","0.000122234854431779","0","53.9047795734679","21.6116412443911","4.02506123652818","2.12963299593528","16.6775834410043","70.6228879488767","16.6775834410043","4.00318413218499","2.67967082506501","0.450714377363804","0.773763466931632",10.4777779049344,100.111111111111,0,134.888888888889,14.5555555555556,0,149.444444444444,0,0,0,0,14.5555555555556,26.1111111111111,71.3333333333333,37.4444444444444,0,0,0,0,48.0044441223145,-5.63555547926161,22.7133333418104,63.7033322652181,128.788888719347,22.7244444953071,15.8055555555556,13.4822223451402,7.61222230063544,1.6199999915229,0.777777781089147,-4.06222221586439,-2.3511110941569,3.55666661262512,18.2088887956407,26.2411111195882,25.1722223493788,46,35.3333333333333,20.6666666666667,4.22222222222222,0,0,0,0,0,3.11111111111111,18.4444444444444,46.1111111111111,21.5555555555556,0,25.2222222222222,127.444444444444,174.555555555556,508.777777777778,435.888888888889,427.111111111111,316.444444444444,211.444444444444,133.555555555556,65.7777777777778,69.7777777777778,155.333333333333,308.555555555556,421.666666666667,511,885.444444444444,269.111111111111,955.222222222222,1455.55555555556,3565.55555555556,738.333333333333,0,0,0,0,2.33333333333333,7.55555555555556,17.6666666666667,20.7777777777778,9.33333333333333,0,1,0,10.6666666666667,45.8888888888889,2.33333333333333,0,58.5555555555556,12.8888888888889,11.5555555555556,29.1111111111111,86.3333333333333,200.111111111111,262.222222222222,355,355.777777777778,245,116,30.6666666666667,11.4444444444444,391.222222222222,972.888888888889,315.444444444444,36,1715.55555555556,303.777777777778,-17.0222225189209,91.4444444444444,308.888888888889,173.555555555556,27.1111111111111,600.888888888889,7.44444444444444,13.8888888888889,30.5555555555556,55.4444444444444,87.6666666666667,99.7777777777778,113.444444444444,95.6666666666667,56.2222222222222,25.2222222222222,10,6,34.1666666666667,203.333333333333,1751.22222222222,8.3555555873447,1.39999998940362,341.555555555556,16.4555555979411,77.2222222222222,91.7777777777778,71.7777777777778,44.2222222222222,284.555555555556,15.4444444444444,13.6666666666667,18.6666666666667,23.7777777777778,29,30,31,31,29,27.7777777777778,20.3333333333333,15.1111111111111,31.5555555555556,1,17.8888888888889,91.1111111111111,141.222222222222,31.7777777777778,23,13,4.11111111111111,1,0,0,0,2,2.55555555555556,27,36.3333333333333,580.777777777778,173.888888888889,334.777777777778,661.666666666667,234.777777777778,168.222222222222,152.111111111111,109.777777777778,73,73.7777777777778,42,58.2222222222222,94.4444444444444,211.222222222222,275,258.777777777778,80.1111111111111,67.4444444444444,73.3333333333333,87.7777777777778,77.1111111111111,89.2222222222222,84.2222222222222,78.7777777777778,72.6666666666667,68.6666666666667,69,66.4444444444444,67,72,81.1111111111111,87.6666666666667,90.4444444444444,48.1666662428114,8.37777784135607,15.5444445080227,7.68888886769613,1.77777777777778,1.66666665342119,2.266666703754,4.28888893127441,7.48888884650336,11.3222223917643,13.7555554707845,16.4333335028754,16.4444444444444,13.1111112170749,8.07777786254883,3.95555554495917,1.39999998940362,15.0444446139865,11.3888888888889,20.8111110263401,11.7111111746894,3.5,3.15555553966098,4.52222225401137,7.36666663487752,11.5888889100817,16.2333333757189,18.7000001271566,21.8888888888889,21.8222221798367,17.5666667090522,10.8555556403266,5.72222232818604,2.77777775128682,5.38888888888889,10.2888888253106,3.6777778201633,0.122222226527002,0.166666670805878,0.0555555588669247,1.22222222884496,3.36666666136848,6.42222219043308,8.83333343929715,10.9444444444444,11.0666666030884,8.70000002119276,5.27777788374159,2.18888889418708,0.0444444459345606
"8","Pachena Lake","PCH",7173.27633310494,536732,4789,-125.0289993,48.8375015,22.4685,"Pachena Lake","1","50.2358026046052","2.00035662619432","53.9084689497252","0.619681751034526","436.443529798866","192.564197765525","4572.16843563661","144.936985774217","422.962153824318","25.3894410661964","0.00151206551660714","0.00156611893016115","0","0.00156611893016115","63.6565725770869","25.3894410661964","2.96265218786637","2.50267214787959","21.3816424866262","57.6825171943054","21.3816424866262","4.31246252578956","3.31436361425237","0.476366712319167","0.812107695206959",6.15384615384615,89.9230769230769,0,52.6923076923077,0,0,52.6923076923077,0,0,0,0,0,0,46.6923076923077,6,0,0,0,0,83.5815388606145,5.39692302850577,59.0869228656475,119.049231309157,267.111534705529,46.5638462946965,31.0153846740723,30.8600001701942,19.9776919438289,8.25000022007869,5.4553845845736,-1.33000001082054,1.27538462785574,8.62769189247718,28.416923229511,46.536922454834,41.4676924485427,25.6923076923077,20.3846153846154,12.7692307692308,3.53846153846154,0,0,0,0,0,1.07692307692308,9.23076923076923,25.3846153846154,10.6923076923077,0,16.3846153846154,71.4615384615385,98.6923076923077,437.076923076923,375.846153846154,374.769230769231,299.153846153846,214.384615384615,142.615384615385,85.0769230769231,82.5384615384615,130.692307692308,247.538461538462,358.384615384615,437.692307692308,736.692307692308,310.461538461538,888.230769230769,1250.30769230769,3185.69230769231,740.153846153846,0,0,0,0,1.46153846153846,6.07692307692308,11.4615384615385,15.7692307692308,13.3846153846154,0,0,0,13.3846153846154,33.6153846153846,1.46153846153846,0,48.3846153846154,32.0769230769231,29.6923076923077,52.6923076923077,99.1538461538462,197.076923076923,249.692307692308,330.230769230769,337.692307692308,273.538461538462,166.384615384615,60.3846153846154,29.7692307692308,500.153846153846,917.615384615385,348.923076923077,91.4615384615385,1858.15384615385,314.307692307692,-14.1692308279184,108.846153846154,277.846153846154,180.692307692308,41.1538461538462,608.538461538462,11.7692307692308,19.5384615384615,38.5384615384615,59.0769230769231,83.2307692307692,90.6153846153846,100.076923076923,87,61.3076923076923,33.2307692307692,14.3846153846154,9.92307692307692,33.2999995304988,224.307692307692,3149.23076923077,9.36153844686655,3.79230768863971,528.538461538462,15.85384618319,81.6153846153846,91.9230769230769,75.5384615384615,55.3076923076923,303.923076923077,19.5384615384615,16.7692307692308,21.3076923076923,24.6923076923077,29.6153846153846,30,31,31,29,28.9230769230769,23.3846153846154,18.8461538461538,25.1538461538462,1,18.7692307692308,68.5384615384615,114,28.1538461538462,17.3846153846154,10.5384615384615,6.46153846153846,1.92307692307692,0.0769230769230769,0,1,2,1.15384615384615,22,23.3076923076923,963.307692307692,245.230769230769,704.307692307692,1236.46153846154,480,327.923076923077,334.153846153846,236.384615384615,133.769230769231,110.692307692308,53.4615384615385,81,149.384615384615,327.538461538462,486.230769230769,428.384615384615,76.1538461538462,73,72.7692307692308,81.3846153846154,75.9230769230769,83.2307692307692,78,73.8461538461538,71.8461538461538,72.2307692307692,73.9230769230769,72.7692307692308,72.4615384615385,70.9230769230769,75.6153846153846,81.9230769230769,83.1538461538462,30.0538460658147,10.0615384028508,14.9384613770705,8.4230769597567,4.07692311360286,3.99999998166011,4.4307691684136,5.99230777300321,8.05384624921358,11.2076924397395,13.3615383001474,15.6230770991399,15.85384618319,14.0692308866061,10.0384615384615,6.07692307692308,3.79230768863971,12.0692306665274,13.7153844833374,19.2461539048415,12.5538462125338,6.75384616851807,6.40769228568444,7.64615389016958,9.83846158247728,12.3000000440157,15.5076923370361,17.4384613037109,19.9846154726469,20.284615443303,18.6769233116737,13.7615385055542,8.71538459337675,6.18461542863112,6.41538458604079,10.6461538901696,4.28461538828336,1.40769232465671,1.58461536810948,1.24615384638309,2.12307691574097,3.80769228935242,6.89230764829195,9.25384624187763,11.2615382854755,11.4615384615385,9.48461547264686,6.30769227101253,3.42307692307692,1.38461539378533
"23","Roberts Lake","ROB",11448.5765449476,1662681,7577,-125.5419998,50.2219009,91.051,"Roberts Lake","1","55.5367174423538","3.12122252264353","57.6619268566704","1.94325022012558","375.043182804264","6828.30665562839","766.839226976911","239.466323261037","718.692126770642","25.6921168967398","0.00190389824983003","0","0.000392158424473683","0","70.8394347910932","25.6921168967398","3.32211597844118","2.20893968497076","18.3480260847448","55.568234213656","18.3480260847448","3.49224444815919","2.62539740314081","0.41383694255793","0.724583888872262",9.94736847124602,97.6315789473684,0,118.263157894737,8.8421052631579,0,127.105263157895,0,0,0,0,8.8421052631579,18.8421052631579,67.3684210526316,32.0526315789474,0,0,0,0,51.413158015201,-3.91105267170228,25.1268420972322,67.596315885845,140.226316753187,24.0536842346191,16.7978947790045,14.3868421253405,8.48105244887503,2.26052631829914,1.49578947769968,-3.64157896292837,-1.76631579587334,4.10052632030688,19.4857895499782,27.826842257851,26.7463160063091,44.1578947368421,33.7368421052632,19.421052631579,4.26315789473684,0,0,0,0,0,3,17.578947368421,43.8947368421053,20.6842105263158,0,23.7894736842105,121.842105263158,166.157894736842,502.894736842105,430.105263157895,419.631578947368,312.947368421053,209.368421052632,132.684210526316,66.7894736842105,71.6842105263158,153.421052631579,306.842105263158,416.473684210526,504.21052631579,876.78947368421,271,941.842105263158,1437.21052631579,3526.73684210526,742.684210526316,0,0,0,0,2.42105263157895,7.94736842105263,17.6842105263158,20.2105263157895,9.8421052631579,0,1,0,10.9473684210526,45.7368421052632,2.42105263157895,0,59.1052631578947,14.3157894736842,13.2631578947368,32.3684210526316,89.0526315789474,202.210526315789,263.684210526316,354.315789473684,353.105263157895,247.473684210526,117.263157894737,32.6315789473684,12.7894736842105,397.526315789474,971.105263157895,323.631578947368,40.2105263157895,1732.36842105263,304.947368421053,-16.6578946866487,91.3157894736842,305.421052631579,173.578947368421,27.578947368421,597.894736842105,7.73684210526316,13.8947368421053,30.9473684210526,55.1578947368421,87.2631578947368,99,112.052631578947,94.3157894736842,56,25.2631578947368,10,6.1578947368421,33.9526310970909,207.368421052632,1863.84210526316,8.45263154883134,1.62631577253342,366.052631578947,16.4105263760215,77.6315789473684,91.8421052631579,72.6842105263158,45.7894736842105,287.578947368421,15.8947368421053,14.2105263157895,19.2105263157895,24.2105263157895,29.2631578947368,29.8947368421053,31,31,29,27.7894736842105,20.7368421052632,15.4736842105263,31.8421052631579,1,17.6315789473684,90.6315789473684,141.105263157895,31.7368421052632,23.2105263157895,12.2105263157895,4.42105263157895,1.15789473684211,0.0526315789473684,0,0.157894736842105,1.89473684210526,2.8421052631579,27.2105263157895,35.7368421052632,615.315789473684,187.052631578947,359.736842105263,701.78947368421,248.368421052632,178.526315789474,162,118.473684210526,79.1578947368421,80.2105263157895,44.7368421052632,62.1578947368421,99.8947368421053,224.105263157895,291.421052631579,274.842105263158,80.1578947368421,68.1578947368421,73.7368421052632,87.7368421052632,77.2631578947368,89.1052631578947,84.2105263157895,78.578947368421,73,69,69.421052631579,67.1052631578947,67.6315789473684,72.2105263157895,81.421052631579,87.1052631578947,89.6842105263158,45.0736840900622,8.4842105413738,15.5263158898605,7.84210528825459,1.99473683771334,1.85789473746952,2.50000000627417,4.53157901763916,7.60000000501934,11.4052630976627,13.8000000401547,16.4000000200774,16.3578948974609,13.2052631378174,8.13157894736842,4.13157897246511,1.63684209083256,14.7894736842105,11.4894736942492,20.6842107270893,11.8421052129645,3.72105262154027,3.36315789975618,4.72105259644358,7.64736848128469,11.6578948372289,16.242105383622,18.6631581155877,21.773684250681,21.621052691811,17.5947370027241,10.8894736139398,5.97368416033293,3.0842105338448,5.48947366915251,10.3526316692955,3.84736840348495,0.278947371401285,0.347368420738923,0.284210528982313,1.42105262412837,3.55789473182277,6.58421049619976,8.95789472680343,11.0368420952245,11.100000030116,8.82105260146292,5.35789472178409,2.2842105376093,0.189473689778855
"14","Roselle Lake","ROS",4465.15841226802,177385,2546,-126.9889984,50.5206985,7.0931,"Roselle Lake","0","61.8015566596277","0","59.9599722132663","19.6573199026747","467.291647224537","34959.5825826903","541.16525891368","109.646605092031","586.292322921753","27.2058484159731","0.00233956933037685","0","0.000527427538754362","0","91.4443584757578","27.2058484159731","3.07902583797063","1","19.405088903311","55.1566985524064","19.405088903311","6.22223099948297","0","0.423028427956787","0.760276726519642",10.1000000346791,79.1818181818182,0,73.6363636363636,2.81818181818182,0,76.4545454545455,0,0,0,0,2.81818181818182,10.0909090909091,46.5454545454545,17,0,0,0,0,56.1481819152832,0.795454545454545,27.6381818597967,61.363636710427,145.942726828835,21.9072726856578,16.0145453539762,15.3681818355214,9.56090892444957,2.71363637664101,2.24363639137962,-1.45727274634621,0.0109090904959223,6.63818181644787,18.8209093267267,30.689999667081,23.4409091255882,24.1818181818182,20,14.3636363636364,3.72727272727273,0,0,0,0,0,1.90909090909091,9.45454545454546,24.9090909090909,11.2727272727273,0,18,69.0909090909091,98.6363636363636,431,374.272727272727,387.818181818182,298.363636363636,219.090909090909,158.727272727273,102.090909090909,91.7272727272727,153.909090909091,266.272727272727,361.181818181818,436,781.454545454545,352.545454545455,905.272727272727,1241.45454545455,3280.72727272727,655.727272727273,0,0,0,0.727272727272727,2.09090909090909,4.09090909090909,8.09090909090909,13.0909090909091,9.90909090909091,0.0909090909090909,0,0,10,25.5454545454545,2.81818181818182,0,38.2727272727273,33.9090909090909,29.1818181818182,43.5454545454545,98.3636363636364,191.454545454545,226.727272727273,305.454545454545,325.545454545455,246.727272727273,150.363636363636,57.4545454545455,29.7272727272727,454.727272727273,857.636363636364,333.545454545455,92.9090909090909,1738.90909090909,318.636363636364,-12.8090907010165,89.0909090909091,259,163,33.2727272727273,544.363636363636,9.27272727272727,16,31,53.9090909090909,78.4545454545455,82.5454545454545,93.6363636363636,83,51,26.7272727272727,11.5454545454545,8,33.1909092989835,239.636363636364,1886.81818181818,9.05454548922452,3.84545456279408,379.181818181818,15.4818180257624,82.6363636363636,92,78.1818181818182,60,312.454545454545,21.0909090909091,19.0909090909091,23.0909090909091,26.0909090909091,30,30,31,31,29.0909090909091,29,24.0909090909091,20.1818181818182,18.2727272727273,1,11.4545454545455,34.1818181818182,65.0909090909091,12.3636363636364,8.90909090909091,7,3.27272727272727,1,0,0,0.909090909090909,2,1,15.0909090909091,12.7272727272727,667.090909090909,185.272727272727,378.727272727273,655.636363636364,232.636363636364,175.909090909091,174,129.272727272727,75.5454545454545,72.4545454545455,47.0909090909091,65.8181818181818,118.363636363636,223.272727272727,325.454545454545,247.181818181818,81,74.2727272727273,76.0909090909091,85,79,86.0909090909091,82.7272727272727,80,75.0909090909091,74.0909090909091,76.0909090909091,74.0909090909091,73,76.1818181818182,81,85.2727272727273,85.7272727272727,40.8000002774325,9.53636360168457,14.3181819915771,8.23636358434504,4.17272715135054,4.19090895219283,4.49090914292769,5.56363634629683,8.08181832053445,11.0090908570723,12.5454546321522,14.9454543373801,15.4818180257624,13.1909090388905,9.43636348030784,5.98181824250655,3.84545456279408,11.6090910651467,12.4272725365379,18.3636358434504,11.7545453851873,6.36363645033403,6.19999985261397,7.00000004334883,8.44545433738015,11.8090909611095,15.0545455759222,16.2181823036887,19.0545456626199,19.7818178697066,16.8636358434504,12.3272726752541,8.10000025142323,5.88181825117631,6.64545445008711,10.2909091602672,4.6636362509294,1.99999998916279,2.19090906056491,1.99090907790444,2.66363629427823,4.36363653703169,6.9727273420854,8.88181807778098,10.8545455065641,11.1363638964566,9.49999991330233,6.55454544587569,3.85454546321522,1.80909090692347
"7","Rosseau Lake","RSS",9084.45778745449,146821,2267,-124.9950027,48.8303986,19.5646,"Rosseau Lake","1","45.1808083798081","2.65543242217668","49.592387735773","0.892805957960925","590.119733839645","249.675827131955","3693.47308435537","246.739119193156","303.984260274464","23.714700849","0.000868275524259339","0.00170027217764124","0","0.00170027217764124","62.3917271105481","23.714700849","2.81581261648763","2.19350615628148","17.8870148725294","60.6547182690706","17.8870148725294","4.07540592939319","2.42283280521032","0.565399346959197","0.840393526644028",5.56999998092651,99,0,54.1,0,0,54.1,0,0,0,0,0,0,52.5,1.6,0,0,0,0,93.2839996337891,5.79000010490418,64.3369998931885,129.357001495361,292.766995239258,50.3440002441406,33.7050003051758,33.1580001831055,21.4090000152588,9.76999998092651,6.13499999046326,-1.96499999761581,1.61799999475479,9.6579999923706,32.0799997329712,51.5469997406006,45.3079998016357,30.7,24.7,15.6,4.3,0,0,0,0,0,1.6,11.2,30.3,13,0,20.1,85.9,119,458.9,397.2,397.4,312.3,219.1,143.2,80.8,78.1,132.4,263.2,376.7,459,772.1,302.4,928.8,1314.9,3318.3,730.9,0,0,0,0,0.8,6.1,12.8,17.5,13,0,0,0,13,36.3,0.8,0,50.1,24.8,21.9,41.4,89.5,191.3,249.1,335.4,343.7,271.7,152.8,50.5,23,475.1,928.1,322,69.7,1795.3,309.9,-15.4099998474121,108.5,293.2,181,38.7,621.4,11,18.4,36.6,58.9,85.3,95.2,106,92,62.5,32.5,13.8,9,33.8200000762939,210.7,3412.9,9.00999994277954,3.11000001430511,579.5,16.060000038147,79.9,91.8,72.3,50.5,294,17.8,15.3,19.4,23.7,29,30,31,31,29,28.3,22.3,17.3,34.2,1.1,28.2,98.7,162.7,39.1,26.4,17.3,8.7,2.2,0.2,0,1,2,2.2,30.4,33.5,1058.5,266,754.9,1333.3,515.7,352.3,354.2,249.7,151.1,121.9,53.6,90.8,162.3,362.1,534.3,465,76.2,70.4,72,82.3,75,84.1,78.9,74.7,71.2,70.3,71.4,69.9,69.8,70,76,82.5,84.1,27.7499998092651,9.66999998092651,15.060000038147,7.95,3.35999999046326,3.3,3.67000002861023,5.24000000953674,7.61000003814697,11.0000000953674,13.3199998855591,15.7800000190735,16.060000038147,14.0200002670288,9.53000011444092,5.45999994277954,3.11000001430511,12.95,13.339999961853,19.8,12.1999999046326,5.88999996185303,5.58999996185303,6.7,8.98000001907349,11.9800000190735,15.5999999046326,17.8299999237061,20.639999961853,20.95,18.8099996566772,13.189999961853,7.99000005722046,5.38999996185303,5.98999991416931,10.289999961853,3.72000002861023,0.830000005662441,1.00000001788139,0.649999995529652,1.53000000119209,3.25999999046326,6.41999998092651,8.80999994277954,10.9300001144409,11.1800000190735,9.20999994277954,5.87000002861023,2.92999997138977,0.820000003278256
"6","Sarita Lake","SRA",8279.85853997083,1218793,7511,-124.8850021,48.9093018,59.0115,"Sarita Lake","1","60.6737244619878","3.05322449756148","51.8670291914618","1.01566851067061","461.424628982324","1372.70144335689","4787.35563555792","185.61332164393","262.77876615663","33.8834299094825","0.0011635050590746","6.90090135858668e-06","0","6.90090135858668e-06","168.435118963028","33.8834299094825","3.71033188984969","2.41203000442079","20.9073113782949","52.1406901931969","20.9073113782949","3.95024969380084","1.81732909509635","0.458930875437042","0.801671905481436",6.06500000953674,94.05,0,65.1,0,0,65.1,0,0,0,0,0,0,51.95,13.15,0,0,0,0,88.7505001068115,3.99950000047684,56.4844995498657,120.989500045776,270.223501586914,49.4504995346069,31.9435002326965,29.5479998588562,19.6049999237061,7.3315000295639,5.61299998760223,-1.91949998736382,0.306499997526407,7.56050007343292,32.1369999885559,49.0529998779297,39.5949996948242,28.55,22.5,13.6,3.4,0,0,0,0,0,1.25,10.05,28.65,11.65,0,17.15,79.55,108.35,449.55,386.25,381.15,296.05,202.4,126.8,60.95,61.85,117.9,250,365.55,451,733.6,249.8,879.65,1286.8,3149.75,842.2,0,0,0,0,2.5,8.8,19.7,24.6,16,0,0,0,16,53.05,2.5,0,71.35,28.85,26.8,50.95,102.1,210.7,270.9,362.05,367.15,288.75,164.1,57.25,26.3,510.35,1000,363.5,82,1955.7,312.55,-14.8,112.25,310.5,188.45,39.6,650.95,11.35,19.05,38,61.05,89.5,99.7,113.55,97.3,65.4,33.05,13.85,9.25,34.6399995803833,218.45,3224.05,9.54000000953674,3.3549999833107,541.95,16.8199999809265,81.15,91.85,74.55,52.5,299.85,18.35,16,20.7,24.45,29.7,30,31,31,29,28.75,23.1,18,28.65,1,19.5,82.85,131.95,34.95,21.55,11.95,6.05,1.25,0.1,0,0.1,1.7,1.45,25.5,26.65,1020.35,266.2,685.4,1252.25,507.65,336.15,320.4,234.8,130.2,120.5,61.55,84,145.6,364.4,510.45,408.45,75.45,68.65,70.95,81.9,74.35,83.55,78.15,73.75,70.2,69.05,70.2,67.45,68,68.15,75.4,82.55,84,31.060000038147,10.1249999046326,15.8349999904633,8.56000006198883,3.67499996423721,3.58500000238419,4.05999997854233,5.77499997615814,8.15499992370605,11.6699999332428,14.0550000190735,16.6600001335144,16.8199999809265,14.5850000858307,9.95499997138977,5.82999997138977,3.3549999833107,13.4399999141693,13.9099999904633,20.9250000953674,12.935000038147,6.26500005722046,5.91500000953674,7.21500010490417,9.62500004768372,12.6799999237061,16.4999999523163,18.7699997901917,21.9549999237061,22.060000038147,19.6950000762939,13.675,8.3599999666214,5.66499993801117,6.3349999666214,10.7499999046326,4.1350000500679,1.07999999374151,1.25499999970198,0.910000012814999,1.90999999046326,3.64500002861023,6.86500000953674,9.31999998092651,11.360000038147,11.5800000190735,9.49000000953674,6.22500002384186,3.30000002384186,1.06999999247491
"4","Skating Pond","L2B",1234.84796138873,62930,1184,-125.1259995,48.8147011,10.1158,"Skating Pond","1","37.3532694960936","2.22465250734263","43.0681314401033","0.592488099016284","590.690772660912","313.608256729345","274.282346788223","45.6707194866227","135.331470357072","22.1645339994697","0.00119498498673866","0.00105098627384331","0.00115295404026837","0.00105098627384331","199.506670913274","22.1645339994697","3.51465799634788","2.22185398194691","20.8290588106468","70.8804065212635","20.8290588106468","3.45492007527394","2.70570963565266","0.435298802383617","0.75520113070384",6.90000009536743,76.875,0,36.625,0,0,36.625,0,0,0,0,0,0,35.25,1.375,0,0,0,0,74.013750076294,7.09874999523163,54.4637494087219,104.191249847412,239.766248703003,40.4849996566772,27.196249961853,28.6087501049042,18.7374999523163,7.11375004053116,5.52499997615814,-0.25874999910593,1.83375000953674,8.2537499666214,25.1362497806549,40.6200008392334,36.5112504959106,19,15.75,11,3,0,0,0,0,0,1,7,19.375,8.125,0,14.25,54,76.75,402.5,348.125,358.875,294.25,217.125,149.75,101.75,95,135.125,240,333.625,406.75,708.875,346.625,870.125,1157.625,3083.25,700.125,0,0,0,0,1.125,5,8.125,12.125,12.625,0,0,0,12.625,26,1.125,0,39.75,45.625,41,60.125,102.75,193.75,239.75,306.125,321,268.25,172.875,74.625,40.75,515.875,866.625,356.75,127.25,1866.375,320,-12.4500000476837,106.375,250.625,172.25,44.875,573.875,13,21,38,56.125,77.375,82.375,88.875,79.125,58,33,16,11,32.5249996185303,243,2851.5,9.637500166893,4.77500009536743,494.25,15.3125001192093,83.125,92,78.875,61.75,315.625,21.625,19,23.125,26,30,30,31,31,29.25,29,24.5,21,16.875,1,14,38.5,70.625,16,9.25,7,5.25,2,0.375,0,1,2,1,14.25,13.125,865.5,236,651.875,1098.125,423,293.25,312.375,222,117.25,104.375,54,77.375,141,293.75,431,382.25,77,77,75,80,77.125,81.125,77,75.5,74.75,75.625,77.75,77.125,76,73.5,77,80.125,81.75,30.9874999523163,10.3624999523163,14.4249997138977,8.60000014305115,5.09999990463257,5.12499988079071,5.4125000834465,6.47500002384186,8.21250009536743,11.0875002145767,13.0250000953674,14.9749999046326,15.3125001192093,13.8999997377396,10.2874999046326,6.9125000834465,4.77500009536743,10.5375001430511,13.912499666214,18.0500001907349,12.3250000476837,8.02500015497208,7.82500004768372,8.75,10.1000003814697,12.0375001430511,14.8749997615814,16.4749999046326,18.5625002384186,19.087500333786,18.1000003814697,13.7999999523163,9.81249988079071,7.43750005960464,6.81250005960464,10.8249999284744,4.8500000834465,2.19999998807907,2.38750004768372,2.08749994635582,2.83750003576279,4.4125000834465,7.32500004768372,9.55000007152557,11.362499833107,11.5625002384186,9.70000004768372,6.75,3.96250000596046,2.125
"25","Stella Lake","STE",6425.63982909199,4426872,23440,-125.5210037,50.2845001,114.9058,"Stella Lake","0","56.4113881923072","3.02414917598792","59.3709674360444","3.46057023998243","367.952197871601","9806.87680365848","4743.72155768229","212.175556847295","625.407798766494","24.9302126797984","0.0012318428691976","0","0","0","66.1574537455754","24.9302126797984","4.03469229115328","2.04338037614404","19.3326937078012","52.2789101328903","19.3326937078012","3.26144388068783","2.4087889479803","0.459253348857955","0.778575491396397",9.10833328962326,93.3958333333333,0,89.1458333333333,0,0,89.1458333333333,0,0,0,0,0,5.97916666666667,60.125,23.0416666666667,0,0,0,0,56.153124888738,-0.913750007127722,29.991666674614,73.4329169591268,158.662499109904,26.1433332363764,18.2945833206177,16.0649999976158,10.4616667230924,3.46333334843318,2.81833332777023,-2.89999998609225,-0.832291667582467,5.21895836790403,21.4043749968211,29.5295833746592,28.9943749904633,41.0208333333333,31.9166666666667,17.9166666666667,3.89583333333333,0,0,0,0,0,2.79166666666667,16.9166666666667,41.7916666666667,19.75,0,22.1666666666667,114.604166666667,156.583333333333,493.854166666667,424.104166666667,412.291666666667,306.666666666667,205.5625,130.458333333333,65.5416666666667,70.7708333333333,150.270833333333,304,412.1875,498.354166666667,866.479166666667,266.895833333333,924.395833333333,1416.27083333333,3474.0625,755.604166666667,0,0,0,0,2.91666666666667,8.16666666666667,17.9375,20.3958333333333,10.2083333333333,0,1,0,11.4375,46.3541666666667,2.91666666666667,0,60.6458333333333,16.3958333333333,14.625,35.3125,93.5,206.6875,266.395833333333,355.5,354.083333333333,251.125,119.458333333333,34.1666666666667,13.9583333333333,404.6875,976.041666666667,335.333333333333,44.9791666666667,1761.125,307.145833333333,-15.9375000198682,90.4375,301.666666666667,172.5625,27.3125,591.979166666667,7.4375,13.7291666666667,30.9791666666667,55.0208333333333,86.6458333333333,98.0833333333333,110.4375,93.0625,55.7083333333333,24.8125,10,6.04166666666667,33.8833334445953,213.708333333333,2044.47916666667,8.61458341280619,1.83124998087684,413.979166666667,16.4645833174388,78.3333333333333,91.875,74.4166666666667,48.0833333333333,292.458333333333,16.8541666666667,15.0833333333333,20.1458333333333,24.9166666666667,29.5625,29.9791666666667,31,31,29,27.8541666666667,21.1666666666667,16.1041666666667,32,1.02083333333333,17.0625,89.2916666666667,139.229166666667,30.9791666666667,22.5,11.5625,4.3125,1.04166666666667,0.0208333333333333,0,0.0833333333333333,2.02083333333333,2.79166666666667,27.375,35.7916666666667,662.3125,212.8125,408.479166666667,760.979166666667,269.75,193.666666666667,179.208333333333,138.854166666667,90.5208333333333,92.5,50.2708333333333,70,110.666666666667,243.145833333333,308.479166666667,297.583333333333,80.7916666666667,68.8958333333333,74.0625,88.0416666666667,77.9583333333333,89.6041666666667,85.0208333333333,79.0416666666667,73.6041666666667,69.8333333333333,70.0208333333333,67.9791666666667,68.3541666666667,72.5625,81.9583333333333,87.5208333333333,89.7083333333333,39.7791670163473,8.61250007152557,15.5812499721845,8.04791660110156,2.23958334575097,2.15624996895591,2.70208334426085,4.76458330949148,7.81666670242945,11.5687500039736,13.9020833571752,16.4562499721845,16.3895835081736,13.3270834088326,8.22291670242945,4.26666662593683,1.83333331470688,14.6250000993411,11.5312499403954,20.602083325386,11.9479167064031,3.89791668454806,3.61250000198682,4.82708335916201,7.79166669646899,11.7770832975705,16.275000055631,18.6312500238419,21.654166618983,21.5270834366481,17.633333325386,10.914583325386,6.05624999602636,3.26249998807907,5.67500001192093,10.5604166388512,4.14583331843217,0.54583333277454,0.683333344136675,0.593750005122274,1.73749999360492,3.83958334724108,6.85000001390775,9.16458334525426,11.2395833134651,11.2687499721845,9.01458332935969,5.53958335518837,2.49166668454806,0.393750005712112
"1","Sugsaw Lake","SUG",4176.66876686324,597044,5808,-125.0859985,48.8492012,33.3927,"Sugsaw Lake","1","46.9218860162644","2.02337576240718","51.1061147896454","0.903718830065186","338.377172628291","166.887482061004","3254.13591142147","83.3906193205068","303.285406890366","23.8894458098653","0.000105324111282813","0.00219617725665493","0","0.00219617725665493","105.463169643898","23.8894458098653","2.76054390314701","2.22736207926001","19.4701828450095","49.9933295892442","19.4701828450095","3.69659015410538","3.04282162462887","0.450035835030301","0.788976401686951",6.75384616851807,82.6153846153846,0,44.3076923076923,0,0,44.3076923076923,0,0,0,0,0,0,40,4.30769230769231,0,0,0,0,74.7461547851562,6.1638461626493,54.7161542452299,107.777691767766,243.405384944035,42.3276924720177,27.962307709914,28.7338460775522,18.8730768057016,7.11076927185059,5.31384614797739,-0.670769230677531,1.52000000843635,8.14461532005897,25.2361539693979,41.3661540104793,37.486154116117,21.1538461538462,17.2307692307692,11.3846153846154,3.23076923076923,0,0,0,0,0,1,7.69230769230769,21.4615384615385,9.23076923076923,0,14.7692307692308,59.8461538461538,83.9230769230769,415.615384615385,358.076923076923,363.153846153846,296.307692307692,216.461538461538,147,94.6153846153846,90.3846153846154,133.538461538462,242,344.076923076923,418.384615384615,719.692307692308,332.076923076923,876,1191.92307692308,3119.84615384615,715.692307692308,0,0,0,0,1.15384615384615,5.61538461538461,9.53846153846154,13.4615384615385,12.9230769230769,0,0,0,12.9230769230769,28.6153846153846,1.15384615384615,0,42.8461538461538,40.0769230769231,36.6153846153846,58.2307692307692,101.153846153846,194.461538461538,243.538461538462,318.692307692308,327.153846153846,270.307692307692,171.307692307692,68.2307692307692,36.1538461538462,509.615384615385,889.538461538462,353.769230769231,112.846153846154,1865.84615384615,317.538461538462,-13.1538460804866,107.461538461538,261.307692307692,176.076923076923,43.4615384615385,588.384615384615,12.6153846153846,20.5384615384615,38.6923076923077,57.6923076923077,79.8461538461538,85.8461538461538,93.6923076923077,81.8461538461538,59.1538461538462,33,15,10.1538461538462,32.7538460951585,234.769230769231,2898,9.53076927478497,4.41538465940035,497.384615384615,15.5230770111084,82.3846153846154,92,77.6923076923077,59.2307692307692,311.076923076923,20.5384615384615,18.3076923076923,22.4615384615385,25.4615384615385,29.9230769230769,30,31,31,29,29,23.9230769230769,20.3076923076923,19.2307692307692,1,14.9230769230769,46.6923076923077,82.2307692307692,19.6153846153846,11.3846153846154,7.61538461538461,5.53846153846154,2,0.0769230769230769,0,1,2,1,16.3076923076923,15.8461538461538,873.769230769231,236.538461538462,657.307692307692,1130.30769230769,439.923076923077,299.769230769231,313.692307692308,224.307692307692,119.384615384615,105.307692307692,54,77.4615384615385,141.615384615385,295.461538461538,436.769230769231,390.615384615385,76.4615384615385,75.4615384615385,73.9230769230769,80.1538461538462,76.5384615384615,82,77,74.3846153846154,73.3076923076923,74,76.2307692307692,75.3076923076923,74.9230769230769,72.5384615384615,76.2307692307692,80.8461538461538,82,31.2153847034161,10.2461538314819,14.6307692894569,8.5384616118211,4.71538459337675,4.69230769230769,5.06923081324651,6.35384621986976,8.1692308645982,11.1000000880315,13.1461539635291,15.2384616411649,15.5230770111084,13.969230725215,10.20769236638,6.53076916474562,4.41538465940035,11.0923077509953,13.8461537727943,18.5,12.4615383881789,7.55384617585402,7.31538460804866,8.40000005868765,10.1307692894569,12.1615384908823,15.0923078243549,16.8615382267879,19.1615384908823,19.507692190317,18.3076920142541,13.8384614357582,9.38461545797495,6.9846153992873,6.6461538534898,10.7692307692308,4.6153846520644,1.9076922581746,2.06923077656673,1.73076923076923,2.58461539561932,4.13076923443721,7.1307692527771,9.43076926011306,11.330769098722,11.5230770111084,9.63846162649301,6.58461537727943,3.71538463005653,1.8461538369839
"13","Thiemer Lake","THE",5625.62148195397,439894,5138,-126.9789963,50.5105019,20.962,"Thiemer Lake","0","64.6749000783416","0","60.9440280344783","18.6462204608676","364.384894933555","35579.590440803","997.557618040688","127.827526158257","448.150039068931","29.3969805927137","0.00237382831132433","0","0.000272733964115213","0","85.7074579699048","29.3969805927137","3","0","22.8259483787995","52.8949833947056","22.8259483787995","7.22084753455313","0","0.467075457136707","0.791014170871987",9.88571439470564,81.6428571428571,0,74,1.35714285714286,0,75.3571428571429,0,0,0,0,1.35714285714286,9.42857142857143,47.9285714285714,16.6428571428571,0,0,0,0,57.5600002833775,0.779285716159003,28.9971430642264,61.6828572409494,149.019286019462,22.2649999346052,16.3442854881287,16.0828570638384,10.0471427781241,2.867857166699,2.32000003542219,-1.58857143776757,0.049285713583231,6.69071422304426,18.883571760995,31.9864283970424,23.0728571755545,25.5,21.1428571428571,15,3.78571428571429,0,0,0,0,0,2,10.1428571428571,26.4285714285714,12.0714285714286,0,19.0714285714286,73.0714285714286,104.071428571429,437,379.857142857143,392.928571428571,302.428571428571,219.642857142857,160.285714285714,101,93.7142857142857,155.357142857143,270.857142857143,367.285714285714,442.642857142857,793.714285714286,355.071428571429,915,1259.78571428571,3323.5,648.357142857143,0,0,0,0.428571428571429,2,4,8.42857142857143,12.7142857142857,9.57142857142857,0,0,0,9.57142857142857,25.1428571428571,2.42857142857143,0,37.0714285714286,31.5,27,41.2142857142857,95.1428571428571,190.785714285714,226.357142857143,309.071428571429,322.714285714286,245,146.357142857143,54.0714285714286,27.4285714285714,445.428571428571,858.142857142857,327.214285714286,86.2142857142857,1717,317.428571428571,-13.0571428707668,88.7857142857143,261.214285714286,163.214285714286,32.7142857142857,545.857142857143,9.07142857142857,15.7857142857143,30.7142857142857,53.5,79.2142857142857,83.3571428571429,95.0714285714286,83,51,26.3571428571429,11.1428571428571,7.78571428571429,32.9357141767229,235.857142857143,1916.21428571429,8.93571431296212,3.63571430955614,384.214285714286,15.3785713059562,82.2142857142857,91.7142857142857,77.4285714285714,58.7142857142857,310.071428571429,20.7142857142857,18.5714285714286,22.6428571428571,25.6428571428571,29.6428571428571,30,31,31,29,29,23.7857142857143,19.7142857142857,20.3571428571429,1,13,37.3571428571429,72,13.6428571428571,10,8.07142857142857,3.85714285714286,1,0.0714285714285714,0,1,2,1.21428571428571,17,13.7857142857143,679.928571428571,187.142857142857,391.785714285714,657,235.571428571429,178.714285714286,180.5,133.714285714286,77.7142857142857,74,47.3571428571429,66.1428571428571,119.142857142857,223.142857142857,337.714285714286,242.928571428571,81,73.9285714285714,76,85.2857142857143,79,86.5714285714286,82.8571428571429,80.0714285714286,75,73.5714285714286,75.7142857142857,73.3571428571429,73,76.0714285714286,81,85.7857142857143,86,40.0285712650844,9.40000002724784,14.3071429388864,8.12142859186445,3.97857136385781,3.98571421418871,4.28571431977408,5.39285710879735,7.94285723141262,10.9857142312186,12.5428573063442,14.9857142312186,15.3785713059562,13.1285714421953,9.27857140132359,5.77857146944319,3.63571430955614,11.7499999318804,12.2642856325422,18.407142502921,11.6785714285714,6.09285712242126,5.91428565979004,6.76428576878139,8.2571428503309,11.6857143129621,15.1000002452305,16.2857141494751,19.2142858505249,19.7214287349156,16.8642851965768,12.1571427753993,7.82857155799866,5.60714285714286,6.52142855099269,10.1928571973528,4.54285710198539,1.84285713945116,2.07142852885383,1.82857142175947,2.53571426868439,4.2285715171269,6.88571429252625,8.78571428571429,10.7714285850525,11.0285715375628,9.38571419034685,6.42857139451163,3.71428573131561,1.65714285203389
"20","Tsiko Lake","TSI",19041.2199572714,333249,2941,-126.8669968,50.2430992,45.9073,"Tsiko Lake","0","65.9291457003049","0","57.2076133874213","6.98554647583744","435.012759309698","26164.9971745305","1121.28524211483","278.211028998988","222.030732287488","33.8217984405541","0.00136561467241244","0","2.45580564157012e-06","0","85.8901019565352","33.8217984405541","3","0","18.8963704837379","61.9011351311955","18.8963704837379","3.58867719327309","0","0.457694194862565","0.783029466035297",5.78333338101705,100.333333333333,0,60,0,0,60,0,0,0,0,0,11.5833333333333,47.5,0.916666666666667,0,0,0,0,94.787499109904,3.20666667322318,60.0675001144409,118.297501246134,276.360003153483,41.6158332824707,33.5183331171672,32.5233330726624,21.6225001017253,5.91833345095317,2.29083333412806,-1.5749999905626,2.49166664481163,10.534999926885,27.579166730245,56.6758330663045,43.1650009155273,32.4166666666667,28.8333333333333,21.5833333333333,5.66666666666667,0.0833333333333333,0,0,0,0,2.41666666666667,14.3333333333333,38.1666666666667,17,0,27.4166666666667,99.5,144.166666666667,465.833333333333,412.833333333333,430.333333333333,334.833333333333,230.166666666667,165.5,99.5,89.8333333333333,156.833333333333,292.583333333333,398,486.666666666667,847.333333333333,354.5,995.5,1365.08333333333,3562.83333333333,628.083333333333,0,0,0,0,0.916666666666667,4.25,9,14,9.25,0,0,0,9.25,27.25,0.916666666666667,0,37.6666666666667,22.8333333333333,16.75,26.25,73.0833333333333,179.166666666667,224.75,311.833333333333,327.416666666667,243.416666666667,128.583333333333,39.5833333333333,15.5833333333333,411.75,863.833333333333,278.666666666667,55.3333333333333,1609.58333333333,307.75,-15.0583334763845,93.25,285.583333333333,165.333333333333,31.25,575.833333333333,8.91666666666667,15.5,29.5833333333333,52.5833333333333,83.25,91.0833333333333,104,90.3333333333333,55.5833333333333,26.75,11.0833333333333,7,33.6583331425985,207.25,3208.33333333333,8.30000003178914,2.21666664878527,513.416666666667,15.5500000317891,78.5833333333333,91,70.3333333333333,49.6666666666667,289.583333333333,18,15.0833333333333,18.5833333333333,22.8333333333333,28.6666666666667,29.5,31,31,29,28,21.5833333333333,16.25,50.0833333333333,1.66666666666667,50.5833333333333,117.25,219.5,35.5,34.5833333333333,34.1666666666667,14.3333333333333,2.16666666666667,0.5,0.0833333333333333,1,2.91666666666667,2.91666666666667,44.1666666666667,46.8333333333333,1054.91666666667,237.333333333333,700.166666666667,1215.83333333333,427.333333333333,347.916666666667,341.833333333333,246.25,112,80.75,56.5833333333333,100.083333333333,164.083333333333,308.75,582.166666666667,440.75,79.0833333333333,69.5833333333333,74.5833333333333,85.25,77,86.3333333333333,82.0833333333333,79.75,73.6666666666667,70,71.5,68.75,68.5,72.4166666666667,80,85.5,87.75,30.6249995231628,8.7916667064031,14.3833334445953,7.22500002384186,2.78333333134651,3.05833333730698,3.10833330949148,4.18333327770233,6.84999998410543,10.5750000476837,12.4999999205271,15.0666666825612,15.5500000317891,13.0749999682109,8.59166669845581,4.74999998013179,2.21666664878527,13.3249999682109,11.9583332538605,19.2166668574015,11.0333334604899,4.85833330949148,5.00833324591319,5.65833330154419,7.0833332935969,10.7583333651225,15.2333331902822,16.9583333333333,20.0666669209798,20.641666730245,17.4166666666667,11.625,6.81666668256124,3.94166668256124,5.64166669050852,9.50833328564962,3.3916666507721,0.708333343267441,1.13333334152897,0.566666663313905,1.27499999913077,2.97499999403954,5.93333339691162,8.04166666666667,10.0583332379659,10.4583332538605,8.69999996821086,5.55833331743876,2.66666666666667,0.491666659712791
"46","Upper Campbell Lake","UCL",27432.5660976578,30469604,76042,-125.6449966,49.9147987,295.6137,"Upper Campbell Lake","0","60.4093275394577","2.95009520160689","42.6435321560928","10.3974941348859","285.209935175601","19359.1959685094","818.123007271056","331.746646175854","71.9766526839297","29.1734992295473","0.00225709561637378","0","0.000420461017643187","0","166.15108004589","29.1734992295473","3.32769445869144","1.86378646463131","1.73487876398122","5.90093574337293","1.73487876398122","2.99418652656653","1.96674459646736","0.358797049199529","0.637828631182141",12.0234567677533,111.345679012346,0,197.679012345679,40.3518518518519,0,238.030864197531,0,0,0,0,40.3518518518519,58.7716049382716,86.9753086419753,51.9320987654321,0,0,0,0,41.7351851522187,-12.1029629332048,16.1375925570358,58.6079630439664,104.378024536886,21.2996913415414,14.6679012157299,12.155679013994,4.88969135137252,-0.908086420255311,-2.47987654658011,-5.7049382586538,-3.919012364414,1.51839506111027,16.0919753416085,24.1251851070074,22.6407406771625,47.9074074074074,35.5802469135802,21.5185185185185,5.08641975308642,0.0432098765432099,0,0,0,0,3.2283950617284,20.6913580246914,48.9567901234568,23.8456790123457,0,26.8765432098765,132.432098765432,183.351851851852,513.222222222222,436.246913580247,430.413580246914,326.432098765432,218.098765432099,137.759259259259,63.4259259259259,68.3148148148148,148.197530864198,310.506172839506,430.117283950617,517.5,888.814814814815,269.462962962963,974.87037037037,1466.92592592593,3600.12345679012,740,0,0,0,0,1.7962962962963,7.31481481481481,18.9444444444444,21.7592592592593,10.462962962963,0,0.882716049382716,0,11.3641975308642,47.962962962963,1.7962962962963,0,61.1358024691358,12.1913580246914,11.9444444444444,28.7777777777778,80.0802469135803,192.944444444444,257.506172839506,358.703703703704,357.820987654321,253.438271604938,114.611111111111,27.8641975308642,10.3456790123457,395.87037037037,974,301.783950617284,34.537037037037,1706.0987654321,299.395061728395,-18.0586420577249,99.3333333333333,321.648148148148,182.728395061728,29.8827160493827,633.617283950617,8.30246913580247,15.4012345679012,33.2283950617284,58.1666666666667,91.3950617283951,103.277777777778,118.783950617284,99.5493827160494,60.6851851851852,27.9876543209877,10.7469135802469,6.28395061728395,34.4401236522345,188.030864197531,1539.53703703704,8.26296296531771,1.21296297266711,255.753086419753,16.5475306864138,74.5679012345679,91.1481481481482,66.858024691358,40.1851851851852,272.975308641975,14.0679012345679,12.4135802469136,16.6111111111111,21.6913580246914,28.4197530864198,29.7469135802469,31,31,29,26.5617283950617,18.8333333333333,13.6604938271605,32.6296296296296,0.444444444444444,19.2592592592593,91.820987654321,144.327160493827,32.2222222222222,22.7777777777778,14.1358024691358,4.33333333333333,0.932098765432099,0.0246913580246914,0,0.037037037037037,1.12345679012346,2.75308641975309,28.6666666666667,36.858024691358,528.12962962963,124.018518518519,274.938271604938,612.493827160494,221.006172839506,157.876543209877,140.29012345679,83.6604938271605,50.9876543209877,44.5432098765432,31.7469135802469,47.6604938271605,80.7962962962963,193.197530864198,254.123456790123,233.574074074074,77.179012345679,65.1728395061728,70.1111111111111,85.1049382716049,74.3518518518518,86.6543209876543,80.5864197530864,75.1234567901235,69.4259259259259,65.6913580246914,66.7222222222222,63.820987654321,64.8888888888889,68.5987654320988,77.4876543209877,85.4320987654321,87.8456790123457,65.1432098106102,8.36604934562872,15.5574073850373,7.46604940037668,1.67716048561313,1.51975308271286,2.27469134404335,4.18333331964634,7.15370363364985,11.0691359072556,13.5907408337534,16.5444442666607,16.5185183301384,13.4043210818444,8.02283940786197,3.6672839169149,1.21296297266711,15.3382715943419,11.8407407454502,21.2259258458644,11.9944444997811,3.74135800644203,3.36358023572851,4.99444444091232,7.78827158315682,11.7574074474382,16.4432099130419,18.9055556014732,22.4913579799511,22.280246840583,18.3956789322841,11.3765432275372,5.74814813225358,2.86419754263795,4.89320986800724,9.88641981430996,2.93641976589038,-0.401851853608717,-0.313580248090956,-0.440123458151464,0.581481490928082,2.54938269802082,5.70555555820465,8.28209883195383,10.6080246736974,10.751851817708,8.41604928028436,4.65246914934229,1.59444443568771,-0.4438271627382
"21","Vernon Lake","VER",19045.397008337,8258120,19280,-126.4349976,50.0298996,201.3596,"Vernon Lake","0","47.967535701847","3.23696343092148","45.38917134217","5.66513180491825","350.853002132543","32370.1682172836","2439.23457091924","313.853461315961","238.978473264886","29.5378723312124","0.00144176401717957","0","1.38053015487213e-06","0","113.973353385201","29.5378723312124","4.01315816099195","2.42691293999536","15.2018511889618","48.42560444441","15.2018511889618","2.5124733207633","2.38262620207095","0.382187317115274","0.76263485630771",7.08461539561932,107.865384615385,0,132.923076923077,13.4807692307692,0,146.403846153846,0,0,0,0,13.4807692307692,38.6538461538462,67.6538461538462,26.6153846153846,0,0,0,0,78.0715383382944,-5.45096153937853,39.6919230681199,97.8976923135611,210.210193927471,36.7055768966675,25.1542308147137,23.5250000220079,14.3203846307901,1.84673077326555,-0.434615386757427,-3.6794230892108,-1.33653846189666,6.55076922820165,26.6101925189678,44.9082693686852,36.0394235024085,40.8269230769231,31.4230769230769,21.3846153846154,5.46153846153846,0.0769230769230769,0,0,0,0,2.53846153846154,18.0576923076923,45.6730769230769,20.8076923076923,0,27.25,117.826923076923,166.115384615385,493.730769230769,422.423076923077,429.346153846154,332.692307692308,225.519230769231,148,75.6730769230769,75.9038461538462,145.730769230769,300.346153846154,418.865384615385,509,864.903846153846,299.615384615385,987.576923076923,1425.21153846154,3577.25,700.480769230769,0,0,0,0,1.25,5.78846153846154,14.6153846153846,18.5,10.9230769230769,0,0.134615384615385,0,11.0576923076923,39.1346153846154,1.25,0,51.4807692307692,15.9807692307692,15.0384615384615,28.6346153846154,75.2115384615385,184.961538461538,244.615384615385,342.25,347.019230769231,256.134615384615,122.403846153846,31.5192307692308,11.3461538461538,409.942307692308,933.769230769231,288.711538461538,42.4423076923077,1674.96153846154,301.365384615385,-16.5673077106476,101.153846153846,316.711538461538,175.884615384615,30.4038461538462,624.211538461538,8.25,15.6346153846154,32.25,55.4230769230769,88.1923076923077,100.711538461538,116.423076923077,99.6538461538462,62.5384615384615,27.9038461538462,10.9038461538462,6.44230769230769,34.584615120521,193.480769230769,2592.17307692308,8.30000000733596,1.4826923052852,393.653846153846,16.1653845310211,76.1153846153846,91,68.0192307692308,44.5384615384615,279.903846153846,16.0961538461538,13.8076923076923,17.4423076923077,22.0576923076923,28.4807692307692,29.6346153846154,31,31,29,27.3269230769231,20.0576923076923,14.6346153846154,49.9038461538462,1.07692307692308,35.6538461538462,123.884615384615,210.211538461538,42.8846153846154,30,24.5769230769231,9.69230769230769,1.36538461538462,0.0961538461538462,0,0.288461538461538,2.17307692307692,3.25,44.4230769230769,51.0384615384615,896.230769230769,183.980769230769,504.230769230769,1007.65384615385,376.019230769231,263.75,253.442307692308,175.326923076923,75.4423076923077,62.0192307692308,48.8076923076923,73.0576923076923,134.326923076923,299.423076923077,462.673076923077,367.923076923077,76.8653846153846,65.1153846153846,71.7115384615385,85.6730769230769,74.8846153846154,87.4615384615385,81.1730769230769,76.5961538461538,71.4230769230769,67.1153846153846,67.3076923076923,64.0384615384615,63.9807692307692,66.8269230769231,77.9615384615385,85.8269230769231,88.3653846153846,41.2326922049889,8.62499998166011,15.1173077363234,7.3096153827814,2.13076921609732,2.15576924269016,2.76538460529768,4.21730770973059,6.93076924177316,10.7942307178791,13.1576922490047,16.0173077033116,16.1653845310211,13.4980768607213,8.33653841568873,4.04807694600179,1.4826923052852,14.6884615421295,12.1749999523163,20.7884616118211,11.5826922196608,4.148076910239,3.90769226734455,5.44038462638855,7.60576919408945,11.2057692271013,15.9115386559413,18.369230893942,21.925000007336,22.0807692454411,18.8192308499263,11.6384616081531,6.08653847987835,3.09423075730984,5.0807692362712,9.43653843953059,3.04615384111038,0.130769234580489,0.401923079903309,0.109615388971109,0.834615376563026,2.65576923810519,5.6692307637288,7.95961548731877,10.1173075896043,10.2557691794175,8.18846152378963,5.05000002567585,2.00961538920036,-0.126923074372686
"17","Woss Lake","WOS",10020.9036449605,14047841,38977,-126.612999,50.1203995,261.126,"Woss Lake","0","59.7625826038552","3.03945315676212","43.5818955193908","11.6839566303909","358.88231277257","23780.8873538528","2620.24087256348","298.264846879099","125.958572540687","31.5185012620367","0.00115478744809681","0","2.30646889681336e-06","0","210.567440623206","31.5185012620367","2.92120371791532","2.10462515538743","20.2101352023111","43.6179883644892","20.2101352023111","2.8040652514374","2.23343192475246","0.391791460511375","0.738892592816365",6.19157898551539,104.326315789474,0,91.7894736842105,6.54736842105263,0,98.3368421052632,0,0,0,0,6.54736842105263,22.7684210526316,54.8631578947368,14.1578947368421,0,0,0,0,95.1190526861893,-0.399368439810841,51.2861051860609,113.001368472451,259.006630827251,40.539894846866,30.1690527263441,28.9595789658396,18.4061052021227,3.91989467520463,1.43947369093566,-2.37378945811407,0.535052630815067,9.17189473603901,31.2212630623265,54.7261052583393,42.2926315307617,36.378947368421,30.2736842105263,22.6736842105263,5.87368421052632,0.147368421052632,0,0,0,0,2.66315789473684,16.3368421052632,42.5789473684211,19.1578947368421,0,28.8105263157895,109.210526315789,157.38947368421,478.115789473684,416.042105263158,430.947368421053,331.936842105263,227.410526315789,153.884210526316,81.4736842105263,80.7894736842105,147.968421052632,298.294736842105,407.515789473684,498.957894736842,853.747368421053,316.052631578947,990.315789473684,1393.15789473684,3553.31578947368,686.094736842105,0,0,0,0,1.57894736842105,5.6421052631579,13.6736842105263,17.3789473684211,10.7263157894737,0,0.4,0,11.1473684210526,36.6631578947368,1.57894736842105,0,49.4526315789474,20.2526315789474,17.2526315789474,28.4842105263158,76.6842105263158,183.915789473684,239.210526315789,334.936842105263,340.378947368421,253.810526315789,124.547368421053,36.3052631578947,13.4631578947368,414.652631578947,914.473684210526,289.031578947368,50.9368421052632,1669.16842105263,304.221052631579,-16.0368420751471,98.4421052631579,304.757894736842,171.936842105263,31.5052631578947,606.747368421053,9,15.8421052631579,31.0105263157895,54.6631578947368,86.2842105263158,96.978947368421,112,95.8105263157895,59.6631578947368,27.4736842105263,11.3578947368421,6.77894736842105,34.1115788911518,199.894736842105,3064.73684210526,8.3631579148142,1.81368420390706,471.978947368421,15.9578949074996,76.8947368421053,91.1473684210526,68.7052631578947,46.1578947368421,282.936842105263,16.8736842105263,14.2526315789474,17.7684210526316,22.3263157894737,28.3578947368421,29.6105263157895,31,31,29,27.3157894736842,20.3789473684211,15.0105263157895,56.7578947368421,1.47368421052632,54.6315789473684,133.231578947368,246.010526315789,41.4210526315789,35.9473684210526,38.0947368421053,14.3368421052632,2.25263157894737,0.378947368421053,0.0736842105263158,0.557894736842105,2.71578947368421,4.28421052631579,49.8105263157895,55.8736842105263,1063.94736842105,221.589473684211,617.315789473684,1161.86315789474,415.852631578947,314.694736842105,307.294736842105,215.863157894737,94.2,77.4526315789474,57.0947368421053,87.021052631579,156.242105263158,345.410526315789,562.357894736842,431.368421052632,77.4736842105263,67.0105263157895,72.7578947368421,84.6105263157895,75.4421052631579,85.7578947368421,80.7368421052632,77.7052631578947,72.2210526315789,68.4,69.0631578947368,65.978947368421,65.9473684210526,69.2526315789474,78.6421052631579,84.4315789473684,87.0421052631579,35.4715789794922,8.75052623748779,14.9136842727661,7.29578956804777,2.49052631039368,2.6621052674557,3.00000000988182,4.16526316153376,6.96526315839667,10.7642105253119,12.9800000240928,15.7957894174676,15.9578949074996,13.4073684090062,8.40526320808812,4.42210523705733,1.81368420390706,14.1484210968018,12.187368402983,20.2368420851858,11.3947368922986,4.66526316090634,4.66105262103834,5.72736842757777,7.38526309665881,11.1221052571347,15.6673685073853,17.8631579650076,21.3378948010896,21.5063158938759,18.2831579810695,11.6094736601177,6.65999999297293,3.60736844414159,5.31789478502775,9.58736842306037,3.20105263332003,0.315789477135006,0.659999996894284,0.272631588656651,0.945263158412356,2.80947368662608,5.84526314484446,8.08947376953928,10.2431579188297,10.4147367979351,8.53578944959139,5.20947369525307,2.19999999717662,0.022105264506842
